AL,1,6.428571428571429,1580.0
AL,2,7.571428571428571,1626.0
AL,11,8.714285714285714,1554.0
AL,12,8.428571428571429,1570.0
AL,13,6.571428571428571,1532.0
AL,14,6.857142857142857,1594.0
AL,15,5.857142857142857,1482.0
AL,16,9.428571428571429,1570.0
AL,17,9.142857142857142,1454.0
AL,18,7.0,1506.0
AL,19,9.714285714285714,1470.0
AL,20,7.0,1388.0
AL,3,7.714285714285714,1616.0
AL,21,12.285714285714286,1456.0
AL,22,11.0,1434.0
AL,23,9.285714285714286,1480.0
AL,24,9.142857142857142,1364.0
AL,25,10.714285714285714,1494.0
AL,26,10.142857142857142,1380.0
AL,27,9.428571428571429,1378.0
AL,28,7.285714285714286,1456.0
AL,29,9.428571428571429,1446.0
AL,30,7.571428571428571,1450.0
AL,4,8.0,1594.0
AL,31,9.571428571428571,1414.0
AL,32,5.285714285714286,1420.0
AL,33,5.714285714285714,1492.0
AL,34,9.285714285714286,1444.0
AL,35,9.0,1448.0
AL,36,11.142857142857142,1428.0
AL,37,7.428571428571429,1488.0
AL,38,9.857142857142858,1542.0
AL,39,9.285714285714286,1420.0
AL,40,8.857142857142858,1436.0
AL,5,5.714285714285714,1772.0
AL,41,9.714285714285714,1510.0
AL,42,7.428571428571429,1410.0
AL,43,13.285714285714286,1496.0
AL,44,11.285714285714286,1468.0
AL,45,10.428571428571429,1576.0
AL,46,14.142857142857142,1546.0
AL,47,9.0,1614.0
AL,48,7.714285714285714,1568.0
AL,49,7.0,1670.0
AL,50,8.428571428571429,1674.0
AL,6,9.142857142857142,1738.0
AL,51,11.0,1782.0
AL,52,7.571428571428571,1716.0
AL,7,9.142857142857142,1768.0
AL,8,5.571428571428571,1508.0
AL,9,7.857142857142857,1592.0
AL,10,9.428571428571429,1616.0
AR,1,7.428571428571429,984.0
AR,2,7.428571428571429,1036.0
AR,11,6.0,1010.0
AR,12,6.285714285714286,878.0
AR,13,7.142857142857143,1068.0
AR,14,7.714285714285714,966.0
AR,15,5.285714285714286,950.0
AR,16,5.285714285714286,954.0
AR,17,6.714285714285714,854.0
AR,18,5.285714285714286,842.0
AR,19,9.142857142857142,852.0
AR,20,5.0,890.0
AR,3,7.857142857142857,890.0
AR,21,8.142857142857142,796.0
AR,22,6.857142857142857,928.0
AR,23,9.285714285714286,904.0
AR,24,10.571428571428571,822.0
AR,25,10.142857142857142,822.0
AR,26,8.714285714285714,892.0
AR,27,8.714285714285714,934.0
AR,28,9.428571428571429,916.0
AR,29,11.571428571428571,828.0
AR,30,8.0,820.0
AR,4,8.428571428571429,958.0
AR,31,10.714285714285714,784.0
AR,32,8.285714285714286,792.0
AR,33,2.4285714285714284,806.0
AR,34,6.714285714285714,852.0
AR,35,9.142857142857142,766.0
AR,36,8.428571428571429,954.0
AR,37,8.571428571428571,862.0
AR,38,10.857142857142858,776.0
AR,39,6.571428571428571,778.0
AR,40,9.714285714285714,882.0
AR,5,8.142857142857142,934.0
AR,41,8.285714285714286,874.0
AR,42,6.857142857142857,844.0
AR,43,13.285714285714286,952.0
AR,44,9.0,928.0
AR,45,9.428571428571429,1030.0
AR,46,9.428571428571429,888.0
AR,47,8.0,952.0
AR,48,7.0,1000.0
AR,49,5.285714285714286,1018.0
AR,50,8.428571428571429,1202.0
AR,6,8.714285714285714,900.0
AR,51,9.714285714285714,1034.0
AR,52,5.285714285714286,1112.0
AR,7,9.285714285714286,914.0
AR,8,7.0,986.0
AR,9,7.571428571428571,958.0
AR,10,5.571428571428571,902.0
AZ,1,5.142857142857143,1738.0
AZ,2,10.0,1758.0
AZ,11,7.571428571428571,1976.0
AZ,12,5.714285714285714,1782.0
AZ,13,6.285714285714286,1692.0
AZ,14,5.571428571428571,1632.0
AZ,15,3.857142857142857,1584.0
AZ,16,4.285714285714286,1592.0
AZ,17,6.285714285714286,1574.0
AZ,18,4.857142857142857,1492.0
AZ,19,4.571428571428571,1546.0
AZ,20,4.285714285714286,1526.0
AZ,3,9.714285714285714,1768.0
AZ,21,6.142857142857143,1436.0
AZ,22,6.571428571428571,1526.0
AZ,23,9.0,1554.0
AZ,24,5.142857142857143,1368.0
AZ,25,6.285714285714286,1500.0
AZ,26,4.571428571428571,1420.0
AZ,27,5.285714285714286,1392.0
AZ,28,4.714285714285714,1350.0
AZ,29,5.428571428571429,1350.0
AZ,30,5.714285714285714,1538.0
AZ,4,7.571428571428571,1796.0
AZ,31,3.5714285714285716,1400.0
AZ,32,4.571428571428571,1386.0
AZ,33,4.571428571428571,1444.0
AZ,34,4.571428571428571,1432.0
AZ,35,4.0,1452.0
AZ,36,3.857142857142857,1428.0
AZ,37,4.857142857142857,1326.0
AZ,38,5.142857142857143,1458.0
AZ,39,4.428571428571429,1356.0
AZ,40,4.857142857142857,1336.0
AZ,5,4.428571428571429,1754.0
AZ,41,5.714285714285714,1502.0
AZ,42,6.285714285714286,1514.0
AZ,43,7.285714285714286,1436.0
AZ,44,5.285714285714286,1538.0
AZ,45,5.0,1568.0
AZ,46,7.571428571428571,1526.0
AZ,47,6.428571428571429,1586.0
AZ,48,6.571428571428571,1566.0
AZ,49,10.428571428571429,1614.0
AZ,50,9.428571428571429,1580.0
AZ,6,6.142857142857143,1932.0
AZ,51,6.0,1566.0
AZ,52,8.714285714285714,1748.0
AZ,7,6.714285714285714,1964.0
AZ,8,5.857142857142857,1896.0
AZ,9,8.0,1780.0
AZ,10,6.0,1888.0
CA,1,9.0,9238.0
CA,2,10.428571428571429,9090.0
CA,11,8.142857142857142,8876.0
CA,12,7.142857142857143,8442.0
CA,13,7.428571428571429,8214.0
CA,14,8.285714285714286,8148.0
CA,15,5.571428571428571,8150.0
CA,16,6.0,7836.0
CA,17,7.571428571428571,7820.0
CA,18,7.428571428571429,7866.0
CA,19,7.142857142857143,7530.0
CA,20,6.571428571428571,7490.0
CA,3,9.571428571428571,8610.0
CA,21,5.714285714285714,7482.0
CA,22,9.571428571428571,7612.0
CA,23,6.857142857142857,7080.0
CA,24,8.428571428571429,7204.0
CA,25,10.142857142857142,7534.0
CA,26,12.142857142857142,7646.0
CA,27,7.714285714285714,7068.0
CA,28,9.571428571428571,7152.0
CA,29,8.142857142857142,7468.0
CA,30,10.857142857142858,7348.0
CA,4,8.857142857142858,8390.0
CA,31,8.857142857142858,7396.0
CA,32,9.285714285714286,7108.0
CA,33,9.428571428571429,7166.0
CA,34,9.285714285714286,7436.0
CA,35,10.0,7390.0
CA,36,11.714285714285714,7362.0
CA,37,8.857142857142858,7388.0
CA,38,10.0,7524.0
CA,39,8.285714285714286,7552.0
CA,40,7.142857142857143,7622.0
CA,5,6.142857142857143,8652.0
CA,41,8.0,7666.0
CA,42,6.428571428571429,7526.0
CA,43,7.142857142857143,7788.0
CA,44,7.0,7552.0
CA,45,10.428571428571429,7686.0
CA,46,10.142857142857142,7496.0
CA,47,9.0,7832.0
CA,48,7.571428571428571,8302.0
CA,49,13.714285714285714,8702.0
CA,50,11.857142857142858,8504.0
CA,6,10.857142857142858,8948.0
CA,51,9.428571428571429,8806.0
CA,52,10.571428571428571,9362.0
CA,7,8.285714285714286,9018.0
CA,8,9.428571428571429,8826.0
CA,9,10.714285714285714,8856.0
CA,10,5.0,8564.0
CO,1,12.571428571428571,1172.0
CO,2,7.857142857142857,1160.0
CO,11,3.4285714285714284,1088.0
CO,12,4.142857142857143,1272.0
CO,13,4.142857142857143,1238.0
CO,14,3.2857142857142856,1070.0
CO,15,2.7142857142857144,1104.0
CO,16,4.0,1038.0
CO,17,2.4285714285714284,1078.0
CO,18,5.0,1078.0
CO,19,3.857142857142857,1078.0
CO,20,3.857142857142857,1006.0
CO,3,6.857142857142857,1050.0
CO,21,4.857142857142857,958.0
CO,22,4.428571428571429,926.0
CO,23,4.857142857142857,996.0
CO,24,6.571428571428571,890.0
CO,25,7.857142857142857,946.0
CO,26,7.0,980.0
CO,27,5.285714285714286,976.0
CO,28,6.714285714285714,970.0
CO,29,5.0,940.0
CO,30,7.0,986.0
CO,4,5.857142857142857,1138.0
CO,31,7.428571428571429,942.0
CO,32,4.285714285714286,822.0
CO,33,5.571428571428571,876.0
CO,34,7.0,926.0
CO,35,4.428571428571429,966.0
CO,36,5.142857142857143,944.0
CO,37,5.857142857142857,890.0
CO,38,5.428571428571429,934.0
CO,39,4.714285714285714,994.0
CO,40,4.142857142857143,968.0
CO,5,4.571428571428571,1026.0
CO,41,4.857142857142857,1070.0
CO,42,4.428571428571429,980.0
CO,43,6.714285714285714,1028.0
CO,44,6.285714285714286,964.0
CO,45,6.714285714285714,954.0
CO,46,5.428571428571429,956.0
CO,47,5.285714285714286,1072.0
CO,48,5.428571428571429,1024.0
CO,49,8.142857142857142,1160.0
CO,50,6.428571428571429,1066.0
CO,6,5.714285714285714,1154.0
CO,51,7.857142857142857,1026.0
CO,52,5.714285714285714,1142.0
CO,7,3.857142857142857,1106.0
CO,8,4.0,1020.0
CO,9,3.857142857142857,1042.0
CO,10,4.0,1106.0
CT,1,11.0,968.0
CT,2,6.714285714285714,948.0
CT,11,2.4285714285714284,882.0
CT,12,5.285714285714286,1020.0
CT,13,3.7142857142857144,888.0
CT,14,3.857142857142857,974.0
CT,15,4.857142857142857,934.0
CT,16,6.285714285714286,994.0
CT,17,4.0,874.0
CT,18,2.5714285714285716,860.0
CT,19,5.571428571428571,876.0
CT,20,4.142857142857143,820.0
CT,3,2.5714285714285716,962.0
CT,21,11.428571428571429,852.0
CT,22,6.285714285714286,846.0
CT,23,4.142857142857143,846.0
CT,24,5.0,870.0
CT,25,6.428571428571429,744.0
CT,26,4.571428571428571,834.0
CT,27,8.428571428571429,796.0
CT,28,4.857142857142857,820.0
CT,29,7.857142857142857,794.0
CT,30,6.571428571428571,672.0
CT,4,9.142857142857142,948.0
CT,31,5.0,782.0
CT,32,5.428571428571429,766.0
CT,33,4.428571428571429,808.0
CT,34,5.428571428571429,780.0
CT,35,5.857142857142857,702.0
CT,36,5.714285714285714,780.0
CT,37,4.428571428571429,770.0
CT,38,4.428571428571429,704.0
CT,39,4.428571428571429,840.0
CT,40,7.0,960.0
CT,5,6.428571428571429,1026.0
CT,41,5.714285714285714,832.0
CT,42,8.428571428571429,914.0
CT,43,5.428571428571429,840.0
CT,44,8.142857142857142,954.0
CT,45,7.428571428571429,908.0
CT,46,10.142857142857142,936.0
CT,47,5.142857142857143,942.0
CT,48,5.0,906.0
CT,49,6.428571428571429,928.0
CT,50,10.0,966.0
CT,6,8.285714285714286,984.0
CT,51,11.857142857142858,962.0
CT,52,5.142857142857143,966.0
CT,7,7.142857142857143,928.0
CT,8,3.2857142857142856,910.0
CT,9,6.142857142857143,1062.0
CT,10,12.0,1004.0
DE,1,12.142857142857142,272.0
DE,2,7.714285714285714,228.0
DE,11,6.428571428571429,230.0
DE,12,8.428571428571429,198.0
DE,13,4.0,186.0
DE,14,4.285714285714286,174.0
DE,15,5.285714285714286,156.0
DE,16,7.142857142857143,222.0
DE,17,7.0,160.0
DE,18,4.142857142857143,150.0
DE,19,9.428571428571429,240.0
DE,20,5.571428571428571,148.0
DE,3,8.571428571428571,260.0
DE,21,11.0,192.0
DE,22,6.0,196.0
DE,23,5.857142857142857,208.0
DE,24,6.428571428571429,198.0
DE,25,8.857142857142858,132.0
DE,26,6.285714285714286,150.0
DE,27,8.142857142857142,200.0
DE,28,6.857142857142857,164.0
DE,29,10.0,168.0
DE,30,10.0,148.0
DE,4,11.142857142857142,258.0
DE,31,5.714285714285714,176.0
DE,32,7.571428571428571,210.0
DE,33,6.285714285714286,194.0
DE,34,5.857142857142857,154.0
DE,35,5.857142857142857,166.0
DE,36,8.714285714285714,230.0
DE,37,3.857142857142857,162.0
DE,38,6.285714285714286,206.0
DE,39,3.2857142857142856,178.0
DE,40,4.857142857142857,202.0
DE,5,7.428571428571429,228.0
DE,41,3.857142857142857,186.0
DE,42,6.714285714285714,268.0
DE,43,5.142857142857143,160.0
DE,44,7.142857142857143,222.0
DE,45,5.714285714285714,214.0
DE,46,13.142857142857142,212.0
DE,47,10.142857142857142,156.0
DE,48,5.857142857142857,228.0
DE,49,7.0,208.0
DE,50,10.0,176.0
DE,6,8.571428571428571,168.0
DE,51,11.0,238.0
DE,52,6.571428571428571,220.0
DE,7,7.571428571428571,194.0
DE,8,5.428571428571429,170.0
DE,9,8.285714285714286,160.0
DE,10,12.142857142857142,206.0
FL,1,5.142857142857143,6112.0
FL,2,6.571428571428571,6144.0
FL,11,7.0,6540.0
FL,12,6.857142857142857,6468.0
FL,13,7.428571428571429,6226.0
FL,14,7.0,6220.0
FL,15,6.0,6026.0
FL,16,6.571428571428571,6088.0
FL,17,7.0,5802.0
FL,18,7.285714285714286,5918.0
FL,19,7.285714285714286,5880.0
FL,20,5.857142857142857,5676.0
FL,3,5.571428571428571,6442.0
FL,21,6.714285714285714,5680.0
FL,22,5.714285714285714,5606.0
FL,23,5.857142857142857,5456.0
FL,24,6.571428571428571,5686.0
FL,25,5.714285714285714,5434.0
FL,26,5.142857142857143,5558.0
FL,27,9.571428571428571,5536.0
FL,28,6.285714285714286,5758.0
FL,29,5.285714285714286,5624.0
FL,30,6.857142857142857,5466.0
FL,4,6.714285714285714,6282.0
FL,31,8.571428571428571,5520.0
FL,32,5.0,5678.0
FL,33,5.428571428571429,5454.0
FL,34,5.428571428571429,5396.0
FL,35,5.428571428571429,5652.0
FL,36,5.0,5538.0
FL,37,4.142857142857143,5386.0
FL,38,5.428571428571429,5516.0
FL,39,4.714285714285714,5564.0
FL,40,3.5714285714285716,5532.0
FL,5,6.428571428571429,6394.0
FL,41,4.571428571428571,5512.0
FL,42,4.857142857142857,5768.0
FL,43,6.857142857142857,5422.0
FL,44,6.285714285714286,5680.0
FL,45,8.0,5892.0
FL,46,14.428571428571429,5870.0
FL,47,7.285714285714286,6016.0
FL,48,6.428571428571429,6056.0
FL,49,7.0,6030.0
FL,50,6.714285714285714,6000.0
FL,6,6.428571428571429,6616.0
FL,51,6.714285714285714,6014.0
FL,52,6.428571428571429,6050.0
FL,7,6.142857142857143,6444.0
FL,8,6.142857142857143,6526.0
FL,9,7.571428571428571,6598.0
FL,10,6.571428571428571,6676.0
GA,1,5.714285714285714,2568.0
GA,2,7.714285714285714,2656.0
GA,11,10.0,2590.0
GA,12,11.285714285714286,2406.0
GA,13,6.714285714285714,2488.0
GA,14,5.571428571428571,2404.0
GA,15,7.0,2496.0
GA,16,10.142857142857142,2376.0
GA,17,10.0,2300.0
GA,18,6.714285714285714,2222.0
GA,19,10.142857142857142,2412.0
GA,20,5.714285714285714,2306.0
GA,3,8.0,2614.0
GA,21,11.714285714285714,2268.0
GA,22,9.571428571428571,2174.0
GA,23,7.857142857142857,2372.0
GA,24,11.0,2412.0
GA,25,9.857142857142858,2198.0
GA,26,9.142857142857142,2218.0
GA,27,9.285714285714286,2238.0
GA,28,7.571428571428571,2286.0
GA,29,7.142857142857143,2296.0
GA,30,8.142857142857142,2242.0
GA,4,9.857142857142858,2624.0
GA,31,8.428571428571429,2372.0
GA,32,5.0,2350.0
GA,33,5.0,2298.0
GA,34,8.142857142857142,2364.0
GA,35,7.285714285714286,2302.0
GA,36,11.285714285714286,2252.0
GA,37,7.0,2278.0
GA,38,6.428571428571429,2348.0
GA,39,8.571428571428571,2302.0
GA,40,7.0,2348.0
GA,5,7.428571428571429,2510.0
GA,41,8.0,2344.0
GA,42,7.857142857142857,2188.0
GA,43,11.857142857142858,2470.0
GA,44,11.714285714285714,2246.0
GA,45,14.285714285714286,2450.0
GA,46,22.714285714285715,2464.0
GA,47,9.571428571428571,2458.0
GA,48,7.428571428571429,2682.0
GA,49,6.142857142857143,2592.0
GA,50,9.142857142857142,2786.0
GA,6,8.142857142857142,2644.0
GA,51,10.857142857142858,2530.0
GA,52,9.142857142857142,2682.0
GA,7,8.714285714285714,2572.0
GA,8,6.857142857142857,2530.0
GA,9,9.142857142857142,2482.0
GA,10,11.428571428571429,2652.0
IA,1,8.857142857142858,948.0
IA,2,9.142857142857142,932.0
IA,11,5.0,790.0
IA,12,7.428571428571429,820.0
IA,13,4.428571428571429,786.0
IA,14,5.0,974.0
IA,15,7.714285714285714,826.0
IA,16,7.285714285714286,762.0
IA,17,6.857142857142857,852.0
IA,18,8.142857142857142,816.0
IA,19,6.0,734.0
IA,20,5.857142857142857,826.0
IA,3,13.0,898.0
IA,21,5.714285714285714,676.0
IA,22,3.857142857142857,700.0
IA,23,6.285714285714286,784.0
IA,24,6.714285714285714,722.0
IA,25,6.714285714285714,674.0
IA,26,3.857142857142857,822.0
IA,27,5.285714285714286,740.0
IA,28,5.571428571428571,690.0
IA,29,6.285714285714286,746.0
IA,30,5.857142857142857,790.0
IA,4,10.285714285714286,928.0
IA,31,6.0,684.0
IA,32,6.428571428571429,858.0
IA,33,6.0,772.0
IA,34,4.857142857142857,806.0
IA,35,5.0,820.0
IA,36,5.571428571428571,794.0
IA,37,4.428571428571429,790.0
IA,38,8.714285714285714,804.0
IA,39,3.857142857142857,818.0
IA,40,5.571428571428571,798.0
IA,5,8.857142857142858,904.0
IA,41,5.285714285714286,874.0
IA,42,6.285714285714286,812.0
IA,43,7.285714285714286,802.0
IA,44,6.428571428571429,808.0
IA,45,6.428571428571429,776.0
IA,46,7.571428571428571,828.0
IA,47,7.571428571428571,938.0
IA,48,4.857142857142857,852.0
IA,49,5.714285714285714,904.0
IA,50,8.571428571428571,874.0
IA,6,4.714285714285714,892.0
IA,51,8.714285714285714,932.0
IA,52,4.428571428571429,1038.0
IA,7,10.285714285714286,884.0
IA,8,6.857142857142857,950.0
IA,9,8.714285714285714,796.0
IA,10,9.714285714285714,818.0
ID,1,11.571428571428571,322.0
ID,2,6.857142857142857,300.0
ID,11,2.5714285714285716,392.0
ID,12,2.7142857142857144,370.0
ID,13,3.7142857142857144,330.0
ID,14,4.714285714285714,366.0
ID,15,4.0,338.0
ID,16,5.571428571428571,356.0
ID,17,2.857142857142857,316.0
ID,18,4.714285714285714,360.0
ID,19,4.857142857142857,302.0
ID,20,3.4285714285714284,366.0
ID,3,5.142857142857143,388.0
ID,21,4.142857142857143,340.0
ID,22,5.142857142857143,326.0
ID,23,6.142857142857143,360.0
ID,24,3.857142857142857,348.0
ID,25,4.142857142857143,292.0
ID,26,7.285714285714286,336.0
ID,27,5.857142857142857,302.0
ID,28,4.857142857142857,310.0
ID,29,6.0,290.0
ID,30,8.857142857142858,256.0
ID,4,6.285714285714286,296.0
ID,31,10.714285714285714,256.0
ID,32,7.428571428571429,306.0
ID,33,11.142857142857142,306.0
ID,34,10.857142857142858,292.0
ID,35,9.714285714285714,310.0
ID,36,6.0,276.0
ID,37,6.714285714285714,282.0
ID,38,5.142857142857143,344.0
ID,39,6.428571428571429,290.0
ID,40,4.428571428571429,290.0
ID,5,6.142857142857143,322.0
ID,41,6.285714285714286,332.0
ID,42,5.428571428571429,272.0
ID,43,8.0,302.0
ID,44,7.142857142857143,326.0
ID,45,10.571428571428571,290.0
ID,46,6.0,302.0
ID,47,5.142857142857143,290.0
ID,48,4.571428571428571,304.0
ID,49,4.571428571428571,334.0
ID,50,6.285714285714286,344.0
ID,6,11.428571428571429,304.0
ID,51,9.714285714285714,404.0
ID,52,8.142857142857142,348.0
ID,7,3.2857142857142856,258.0
ID,8,5.571428571428571,334.0
ID,9,3.7142857142857144,334.0
ID,10,2.857142857142857,338.0
IL,1,8.857142857142858,3362.0
IL,2,9.857142857142858,3414.0
IL,11,5.571428571428571,3156.0
IL,12,8.571428571428571,3356.0
IL,13,6.142857142857143,3198.0
IL,14,5.285714285714286,3236.0
IL,15,8.0,3180.0
IL,16,10.0,3308.0
IL,17,8.571428571428571,2928.0
IL,18,5.285714285714286,3056.0
IL,19,7.428571428571429,3046.0
IL,20,6.142857142857143,3000.0
IL,3,13.142857142857142,3334.0
IL,21,9.285714285714286,2998.0
IL,22,6.428571428571429,2970.0
IL,23,7.0,2964.0
IL,24,7.714285714285714,2860.0
IL,25,9.428571428571429,3108.0
IL,26,6.428571428571429,2866.0
IL,27,8.285714285714286,3088.0
IL,28,8.0,2876.0
IL,29,9.0,2948.0
IL,30,9.142857142857142,3010.0
IL,4,9.714285714285714,3306.0
IL,31,9.142857142857142,2962.0
IL,32,9.0,2846.0
IL,33,6.714285714285714,2998.0
IL,34,6.142857142857143,3042.0
IL,35,6.142857142857143,2960.0
IL,36,7.142857142857143,3034.0
IL,37,6.714285714285714,2948.0
IL,38,10.428571428571429,3086.0
IL,39,4.285714285714286,3144.0
IL,40,7.714285714285714,2986.0
IL,5,11.571428571428571,3328.0
IL,41,7.714285714285714,3160.0
IL,42,7.142857142857143,2892.0
IL,43,7.714285714285714,3128.0
IL,44,8.857142857142858,3112.0
IL,45,8.571428571428571,3036.0
IL,46,12.428571428571429,3206.0
IL,47,8.857142857142858,3134.0
IL,48,6.857142857142857,3100.0
IL,49,9.0,3326.0
IL,50,11.428571428571429,3582.0
IL,6,6.428571428571429,3358.0
IL,51,12.142857142857142,3560.0
IL,52,6.285714285714286,3528.0
IL,7,11.857142857142858,3470.0
IL,8,6.571428571428571,3420.0
IL,9,9.285714285714286,3416.0
IL,10,9.571428571428571,3416.0
IN,1,8.428571428571429,2022.0
IN,2,8.428571428571429,2100.0
IN,11,4.571428571428571,2008.0
IN,12,6.714285714285714,2024.0
IN,13,5.571428571428571,1934.0
IN,14,4.714285714285714,1906.0
IN,15,7.0,1862.0
IN,16,9.857142857142858,2004.0
IN,17,8.857142857142858,1874.0
IN,18,4.857142857142857,1754.0
IN,19,6.142857142857143,1736.0
IN,20,5.428571428571429,1722.0
IN,3,11.714285714285714,2046.0
IN,21,9.571428571428571,1928.0
IN,22,7.428571428571429,1792.0
IN,23,6.428571428571429,1774.0
IN,24,7.285714285714286,1724.0
IN,25,8.571428571428571,1732.0
IN,26,6.285714285714286,1688.0
IN,27,8.142857142857142,1700.0
IN,28,7.857142857142857,1846.0
IN,29,9.428571428571429,1840.0
IN,30,8.571428571428571,1694.0
IN,4,9.0,2090.0
IN,31,9.714285714285714,1776.0
IN,32,7.0,1840.0
IN,33,6.0,1772.0
IN,34,6.571428571428571,1830.0
IN,35,6.571428571428571,1736.0
IN,36,7.571428571428571,1834.0
IN,37,7.571428571428571,1868.0
IN,38,11.0,1784.0
IN,39,6.714285714285714,1740.0
IN,40,8.428571428571429,1980.0
IN,5,9.857142857142858,2094.0
IN,41,7.142857142857143,1948.0
IN,42,6.571428571428571,1802.0
IN,43,7.285714285714286,1920.0
IN,44,9.142857142857142,1816.0
IN,45,11.0,2024.0
IN,46,11.714285714285714,1880.0
IN,47,8.571428571428571,2032.0
IN,48,6.714285714285714,1930.0
IN,49,8.142857142857142,2154.0
IN,50,10.285714285714286,2190.0
IN,6,7.142857142857143,1958.0
IN,51,11.714285714285714,2124.0
IN,52,5.857142857142857,2104.0
IN,7,12.571428571428571,2070.0
IN,8,5.571428571428571,1948.0
IN,9,9.285714285714286,2200.0
IN,10,9.0,2030.0
KS,1,7.714285714285714,900.0
KS,2,6.285714285714286,746.0
KS,11,3.857142857142857,718.0
KS,12,7.142857142857143,754.0
KS,13,6.142857142857143,794.0
KS,14,6.428571428571429,702.0
KS,15,6.714285714285714,740.0
KS,16,4.714285714285714,692.0
KS,17,4.142857142857143,714.0
KS,18,4.857142857142857,672.0
KS,19,5.714285714285714,724.0
KS,20,4.428571428571429,674.0
KS,3,11.285714285714286,754.0
KS,21,5.142857142857143,596.0
KS,22,4.714285714285714,566.0
KS,23,7.714285714285714,734.0
KS,24,9.285714285714286,700.0
KS,25,8.714285714285714,712.0
KS,26,5.857142857142857,578.0
KS,27,7.142857142857143,706.0
KS,28,8.857142857142858,656.0
KS,29,8.857142857142858,680.0
KS,30,5.857142857142857,636.0
KS,4,6.714285714285714,640.0
KS,31,7.0,634.0
KS,32,6.428571428571429,634.0
KS,33,5.428571428571429,714.0
KS,34,4.714285714285714,686.0
KS,35,5.571428571428571,712.0
KS,36,5.857142857142857,672.0
KS,37,4.857142857142857,678.0
KS,38,9.0,700.0
KS,39,3.857142857142857,606.0
KS,40,6.0,666.0
KS,5,5.142857142857143,720.0
KS,41,5.714285714285714,750.0
KS,42,4.571428571428571,672.0
KS,43,7.857142857142857,776.0
KS,44,6.428571428571429,646.0
KS,45,6.142857142857143,694.0
KS,46,6.285714285714286,730.0
KS,47,6.285714285714286,734.0
KS,48,5.571428571428571,760.0
KS,49,4.0,752.0
KS,50,6.428571428571429,804.0
KS,6,4.285714285714286,692.0
KS,51,8.0,832.0
KS,52,3.7142857142857144,786.0
KS,7,7.714285714285714,750.0
KS,8,5.142857142857143,710.0
KS,9,5.571428571428571,726.0
KS,10,6.857142857142857,728.0
KY,1,7.285714285714286,1438.0
KY,2,8.0,1488.0
KY,11,4.571428571428571,1464.0
KY,12,7.142857142857143,1522.0
KY,13,5.142857142857143,1448.0
KY,14,4.142857142857143,1452.0
KY,15,6.285714285714286,1458.0
KY,16,9.428571428571429,1562.0
KY,17,6.571428571428571,1344.0
KY,18,5.571428571428571,1294.0
KY,19,7.285714285714286,1314.0
KY,20,5.0,1316.0
KY,3,9.285714285714286,1486.0
KY,21,9.857142857142858,1342.0
KY,22,8.714285714285714,1346.0
KY,23,6.714285714285714,1310.0
KY,24,8.142857142857142,1268.0
KY,25,9.142857142857142,1246.0
KY,26,7.428571428571429,1312.0
KY,27,6.428571428571429,1308.0
KY,28,7.428571428571429,1390.0
KY,29,9.285714285714286,1248.0
KY,30,7.571428571428571,1330.0
KY,4,9.0,1546.0
KY,31,9.571428571428571,1334.0
KY,32,5.571428571428571,1330.0
KY,33,4.142857142857143,1382.0
KY,34,7.285714285714286,1322.0
KY,35,7.857142857142857,1364.0
KY,36,9.0,1344.0
KY,37,8.285714285714286,1368.0
KY,38,9.285714285714286,1370.0
KY,39,7.0,1322.0
KY,40,6.857142857142857,1408.0
KY,5,6.285714285714286,1466.0
KY,41,6.857142857142857,1378.0
KY,42,6.571428571428571,1376.0
KY,43,9.142857142857142,1316.0
KY,44,11.142857142857142,1378.0
KY,45,12.0,1374.0
KY,46,13.142857142857142,1566.0
KY,47,9.285714285714286,1394.0
KY,48,7.714285714285714,1460.0
KY,49,6.142857142857143,1492.0
KY,50,8.428571428571429,1484.0
KY,6,6.714285714285714,1438.0
KY,51,10.428571428571429,1484.0
KY,52,5.142857142857143,1612.0
KY,7,10.571428571428571,1562.0
KY,8,5.714285714285714,1458.0
KY,9,7.285714285714286,1526.0
KY,10,9.0,1492.0
LA,1,7.0,1376.0
LA,2,7.142857142857143,1274.0
LA,11,7.428571428571429,1248.0
LA,12,7.0,1374.0
LA,13,7.142857142857143,1368.0
LA,14,7.285714285714286,1372.0
LA,15,5.428571428571429,1378.0
LA,16,6.142857142857143,1346.0
LA,17,7.285714285714286,1382.0
LA,18,6.428571428571429,1232.0
LA,19,8.857142857142858,1332.0
LA,20,7.571428571428571,1272.0
LA,3,7.428571428571429,1356.0
LA,21,7.571428571428571,1246.0
LA,22,6.714285714285714,1202.0
LA,23,7.571428571428571,1308.0
LA,24,9.142857142857142,1238.0
LA,25,7.428571428571429,1250.0
LA,26,9.714285714285714,1214.0
LA,27,8.142857142857142,1226.0
LA,28,8.142857142857142,1228.0
LA,29,7.714285714285714,1240.0
LA,30,6.0,1236.0
LA,4,7.0,1430.0
LA,31,9.285714285714286,1254.0
LA,32,7.714285714285714,1212.0
LA,33,4.142857142857143,1348.0
LA,34,6.571428571428571,1254.0
LA,35,8.714285714285714,1274.0
LA,36,6.0,1212.0
LA,37,4.714285714285714,1334.0
LA,38,8.428571428571429,1236.0
LA,39,9.571428571428571,1298.0
LA,40,10.428571428571429,1394.0
LA,5,7.0,1322.0
LA,41,7.857142857142857,1314.0
LA,42,5.285714285714286,1234.0
LA,43,10.571428571428571,1324.0
LA,44,9.142857142857142,1266.0
LA,45,7.714285714285714,1306.0
LA,46,11.857142857142858,1342.0
LA,47,7.857142857142857,1282.0
LA,48,6.714285714285714,1404.0
LA,49,5.857142857142857,1300.0
LA,50,8.0,1384.0
LA,6,10.142857142857142,1372.0
LA,51,9.714285714285714,1422.0
LA,52,5.142857142857143,1266.0
LA,7,7.714285714285714,1374.0
LA,8,6.0,1318.0
LA,9,7.285714285714286,1382.0
LA,10,6.714285714285714,1450.0
MA,1,9.142857142857142,1786.0
MA,2,6.428571428571429,1768.0
MA,11,2.2857142857142856,1814.0
MA,12,4.571428571428571,1764.0
MA,13,3.5714285714285716,1934.0
MA,14,3.857142857142857,1820.0
MA,15,4.857142857142857,1812.0
MA,16,6.571428571428571,1730.0
MA,17,3.857142857142857,1734.0
MA,18,1.7142857142857142,1672.0
MA,19,4.285714285714286,1666.0
MA,20,4.142857142857143,1558.0
MA,3,2.857142857142857,1828.0
MA,21,9.571428571428571,1746.0
MA,22,6.285714285714286,1642.0
MA,23,4.285714285714286,1612.0
MA,24,4.571428571428571,1624.0
MA,25,6.285714285714286,1588.0
MA,26,5.0,1522.0
MA,27,6.857142857142857,1536.0
MA,28,4.714285714285714,1510.0
MA,29,8.142857142857142,1550.0
MA,30,7.428571428571429,1544.0
MA,4,6.428571428571429,1762.0
MA,31,5.857142857142857,1608.0
MA,32,5.285714285714286,1580.0
MA,33,4.428571428571429,1706.0
MA,34,5.142857142857143,1516.0
MA,35,4.714285714285714,1544.0
MA,36,4.0,1600.0
MA,37,3.857142857142857,1528.0
MA,38,3.857142857142857,1584.0
MA,39,2.7142857142857144,1676.0
MA,40,5.0,1608.0
MA,5,5.142857142857143,1636.0
MA,41,4.142857142857143,1692.0
MA,42,6.0,1766.0
MA,43,3.0,1668.0
MA,44,5.857142857142857,1770.0
MA,45,4.714285714285714,1774.0
MA,46,5.142857142857143,1852.0
MA,47,4.0,1748.0
MA,48,3.857142857142857,1774.0
MA,49,5.0,1722.0
MA,50,7.142857142857143,1738.0
MA,6,7.0,1508.0
MA,51,8.857142857142858,1832.0
MA,52,3.5714285714285716,1930.0
MA,7,6.142857142857143,1542.0
MA,8,3.142857142857143,1626.0
MA,9,5.285714285714286,1758.0
MA,10,10.428571428571429,1768.0
MD,1,12.571428571428571,1482.0
MD,2,6.857142857142857,1558.0
MD,11,6.571428571428571,1358.0
MD,12,8.714285714285714,1418.0
MD,13,4.428571428571429,1424.0
MD,14,3.857142857142857,1472.0
MD,15,6.571428571428571,1444.0
MD,16,7.714285714285714,1520.0
MD,17,7.857142857142857,1384.0
MD,18,4.285714285714286,1306.0
MD,19,8.142857142857142,1430.0
MD,20,5.428571428571429,1446.0
MD,3,8.285714285714286,1436.0
MD,21,11.571428571428571,1472.0
MD,22,7.285714285714286,1368.0
MD,23,5.857142857142857,1346.0
MD,24,6.285714285714286,1476.0
MD,25,7.428571428571429,1308.0
MD,26,7.142857142857143,1254.0
MD,27,7.571428571428571,1400.0
MD,28,6.142857142857143,1354.0
MD,29,9.285714285714286,1364.0
MD,30,9.428571428571429,1260.0
MD,4,13.0,1650.0
MD,31,5.285714285714286,1402.0
MD,32,6.857142857142857,1308.0
MD,33,5.571428571428571,1412.0
MD,34,6.714285714285714,1400.0
MD,35,6.0,1342.0
MD,36,8.0,1382.0
MD,37,4.0,1442.0
MD,38,7.428571428571429,1188.0
MD,39,3.7142857142857144,1326.0
MD,40,5.0,1388.0
MD,5,7.571428571428571,1566.0
MD,41,4.285714285714286,1400.0
MD,42,7.142857142857143,1560.0
MD,43,5.142857142857143,1446.0
MD,44,7.285714285714286,1376.0
MD,45,5.285714285714286,1400.0
MD,46,11.857142857142858,1510.0
MD,47,11.285714285714286,1510.0
MD,48,6.571428571428571,1566.0
MD,49,6.285714285714286,1434.0
MD,50,8.428571428571429,1428.0
MD,6,8.285714285714286,1576.0
MD,51,10.714285714285714,1622.0
MD,52,6.714285714285714,1534.0
MD,7,7.285714285714286,1464.0
MD,8,6.0,1500.0
MD,9,8.571428571428571,1510.0
MD,10,11.571428571428571,1512.0
ME,1,10.285714285714286,320.0
ME,2,7.0,324.0
ME,11,2.5714285714285716,324.0
ME,12,4.428571428571429,376.0
ME,13,4.428571428571429,312.0
ME,14,4.285714285714286,410.0
ME,15,4.714285714285714,358.0
ME,16,5.285714285714286,348.0
ME,17,4.142857142857143,280.0
ME,18,2.7142857142857144,396.0
ME,19,3.5714285714285716,358.0
ME,20,2.857142857142857,392.0
ME,3,5.285714285714286,376.0
ME,21,5.714285714285714,386.0
ME,22,3.857142857142857,312.0
ME,23,2.7142857142857144,300.0
ME,24,2.7142857142857144,344.0
ME,25,5.142857142857143,346.0
ME,26,4.571428571428571,302.0
ME,27,4.714285714285714,352.0
ME,28,6.142857142857143,356.0
ME,29,6.571428571428571,340.0
ME,30,5.285714285714286,336.0
ME,4,8.285714285714286,358.0
ME,31,5.571428571428571,262.0
ME,32,5.285714285714286,368.0
ME,33,3.4285714285714284,348.0
ME,34,5.0,310.0
ME,35,4.0,288.0
ME,36,2.5714285714285716,246.0
ME,37,2.7142857142857144,322.0
ME,38,3.142857142857143,296.0
ME,39,2.7142857142857144,348.0
ME,40,4.0,318.0
ME,5,7.142857142857143,316.0
ME,41,3.0,430.0
ME,42,3.857142857142857,312.0
ME,43,1.7142857142857142,302.0
ME,44,5.0,412.0
ME,45,5.0,352.0
ME,46,5.428571428571429,334.0
ME,47,2.7142857142857144,348.0
ME,48,3.5714285714285716,360.0
ME,49,6.428571428571429,422.0
ME,50,9.285714285714286,340.0
ME,6,8.0,370.0
ME,51,9.857142857142858,396.0
ME,52,4.0,322.0
ME,7,7.142857142857143,388.0
ME,8,3.857142857142857,338.0
ME,9,6.0,384.0
ME,10,8.142857142857142,384.0
MI,1,10.285714285714286,2982.0
MI,2,8.571428571428571,3184.0
MI,11,4.857142857142857,2982.0
MI,12,5.857142857142857,2942.0
MI,13,5.571428571428571,2796.0
MI,14,4.285714285714286,3180.0
MI,15,6.285714285714286,2938.0
MI,16,7.714285714285714,2930.0
MI,17,6.571428571428571,2866.0
MI,18,6.142857142857143,2840.0
MI,19,6.142857142857143,2922.0
MI,20,5.714285714285714,2884.0
MI,3,10.857142857142858,2994.0
MI,21,11.428571428571429,2810.0
MI,22,7.857142857142857,2688.0
MI,23,5.714285714285714,2810.0
MI,24,7.0,2678.0
MI,25,9.142857142857142,2676.0
MI,26,6.142857142857143,2644.0
MI,27,10.571428571428571,2748.0
MI,28,7.285714285714286,2704.0
MI,29,8.285714285714286,2528.0
MI,30,7.428571428571429,2646.0
MI,4,9.571428571428571,3016.0
MI,31,8.428571428571429,2620.0
MI,32,8.142857142857142,2790.0
MI,33,6.285714285714286,2478.0
MI,34,6.714285714285714,2690.0
MI,35,5.285714285714286,2588.0
MI,36,7.857142857142857,2746.0
MI,37,5.285714285714286,2658.0
MI,38,7.857142857142857,2792.0
MI,39,4.571428571428571,3012.0
MI,40,7.714285714285714,2936.0
MI,5,9.285714285714286,2876.0
MI,41,6.0,2858.0
MI,42,5.714285714285714,2842.0
MI,43,5.428571428571429,2960.0
MI,44,7.714285714285714,2902.0
MI,45,8.714285714285714,2814.0
MI,46,12.0,3058.0
MI,47,5.714285714285714,2722.0
MI,48,7.285714285714286,3012.0
MI,49,8.0,2954.0
MI,50,11.0,3030.0
MI,6,5.571428571428571,2952.0
MI,51,12.714285714285714,3068.0
MI,52,6.714285714285714,3090.0
MI,7,9.857142857142858,3102.0
MI,8,5.285714285714286,3124.0
MI,9,8.0,3042.0
MI,10,9.857142857142858,3232.0
MN,1,10.857142857142858,1264.0
MN,2,12.714285714285714,1320.0
MN,11,4.428571428571429,1200.0
MN,12,4.857142857142857,1228.0
MN,13,3.5714285714285716,1244.0
MN,14,4.142857142857143,1244.0
MN,15,8.0,1312.0
MN,16,6.714285714285714,1246.0
MN,17,4.285714285714286,1136.0
MN,18,9.285714285714286,1122.0
MN,19,6.142857142857143,1152.0
MN,20,6.857142857142857,1148.0
MN,3,12.428571428571429,1266.0
MN,21,5.285714285714286,1114.0
MN,22,3.142857142857143,1176.0
MN,23,4.428571428571429,1154.0
MN,24,4.571428571428571,1136.0
MN,25,5.285714285714286,1154.0
MN,26,3.142857142857143,1184.0
MN,27,4.857142857142857,1082.0
MN,28,3.4285714285714284,1116.0
MN,29,4.714285714285714,1102.0
MN,30,4.0,1144.0
MN,4,8.142857142857142,1340.0
MN,31,4.571428571428571,1114.0
MN,32,3.857142857142857,1014.0
MN,33,4.428571428571429,1084.0
MN,34,3.857142857142857,1156.0
MN,35,3.857142857142857,1176.0
MN,36,3.857142857142857,1230.0
MN,37,2.7142857142857144,1098.0
MN,38,4.0,1234.0
MN,39,3.2857142857142856,1234.0
MN,40,4.571428571428571,1246.0
MN,5,7.285714285714286,1254.0
MN,41,4.571428571428571,1320.0
MN,42,5.714285714285714,1198.0
MN,43,5.142857142857143,1160.0
MN,44,6.428571428571429,1262.0
MN,45,4.857142857142857,1172.0
MN,46,6.142857142857143,1286.0
MN,47,6.571428571428571,1164.0
MN,48,4.0,1220.0
MN,49,5.285714285714286,1234.0
MN,50,8.0,1334.0
MN,6,4.714285714285714,1256.0
MN,51,6.428571428571429,1384.0
MN,52,4.714285714285714,1360.0
MN,7,9.714285714285714,1378.0
MN,8,4.714285714285714,1204.0
MN,9,5.571428571428571,1308.0
MN,10,8.714285714285714,1322.0
MO,1,7.428571428571429,1998.0
MO,2,7.571428571428571,1942.0
MO,11,4.285714285714286,1914.0
MO,12,7.428571428571429,1912.0
MO,13,5.428571428571429,1830.0
MO,14,5.571428571428571,1916.0
MO,15,6.571428571428571,1956.0
MO,16,6.0,1982.0
MO,17,5.142857142857143,1838.0
MO,18,4.714285714285714,1838.0
MO,19,7.0,1652.0
MO,20,4.857142857142857,1782.0
MO,3,12.285714285714286,1946.0
MO,21,6.428571428571429,1818.0
MO,22,5.857142857142857,1784.0
MO,23,7.571428571428571,1768.0
MO,24,9.571428571428571,1774.0
MO,25,9.0,1762.0
MO,26,6.0,1782.0
MO,27,7.428571428571429,1742.0
MO,28,7.714285714285714,1782.0
MO,29,10.857142857142858,1632.0
MO,30,6.857142857142857,1796.0
MO,4,8.428571428571429,2034.0
MO,31,7.285714285714286,1706.0
MO,32,8.428571428571429,1876.0
MO,33,4.857142857142857,1720.0
MO,34,6.714285714285714,1686.0
MO,35,7.142857142857143,1694.0
MO,36,6.571428571428571,1692.0
MO,37,6.571428571428571,1744.0
MO,38,11.142857142857142,1678.0
MO,39,4.142857142857143,1754.0
MO,40,6.714285714285714,1644.0
MO,5,7.428571428571429,1864.0
MO,41,7.142857142857143,1910.0
MO,42,6.428571428571429,1854.0
MO,43,9.285714285714286,1856.0
MO,44,7.857142857142857,1912.0
MO,45,7.857142857142857,1762.0
MO,46,8.285714285714286,1908.0
MO,47,8.714285714285714,1812.0
MO,48,6.714285714285714,1958.0
MO,49,5.142857142857143,1862.0
MO,50,8.0,2056.0
MO,6,5.571428571428571,1864.0
MO,51,10.857142857142858,2074.0
MO,52,4.285714285714286,2082.0
MO,7,11.571428571428571,1960.0
MO,8,7.142857142857143,1980.0
MO,9,8.714285714285714,1940.0
MO,10,7.142857142857143,1942.0
MS,1,6.714285714285714,1036.0
MS,2,6.857142857142857,998.0
MS,11,6.571428571428571,982.0
MS,12,6.857142857142857,978.0
MS,13,5.428571428571429,924.0
MS,14,7.428571428571429,962.0
MS,15,4.857142857142857,924.0
MS,16,5.857142857142857,928.0
MS,17,7.571428571428571,872.0
MS,18,6.142857142857143,914.0
MS,19,9.142857142857142,916.0
MS,20,6.714285714285714,958.0
MS,3,7.142857142857143,1044.0
MS,21,8.857142857142858,896.0
MS,22,7.285714285714286,878.0
MS,23,8.0,924.0
MS,24,8.714285714285714,876.0
MS,25,8.714285714285714,876.0
MS,26,10.428571428571429,810.0
MS,27,8.142857142857142,908.0
MS,28,6.857142857142857,842.0
MS,29,8.142857142857142,882.0
MS,30,5.857142857142857,834.0
MS,4,7.285714285714286,1054.0
MS,31,10.428571428571429,858.0
MS,32,5.714285714285714,870.0
MS,33,3.5714285714285716,994.0
MS,34,7.571428571428571,962.0
MS,35,9.857142857142858,928.0
MS,36,7.142857142857143,906.0
MS,37,6.428571428571429,892.0
MS,38,9.571428571428571,896.0
MS,39,9.142857142857142,860.0
MS,40,9.714285714285714,900.0
MS,5,5.857142857142857,968.0
MS,41,8.571428571428571,944.0
MS,42,6.0,856.0
MS,43,11.428571428571429,934.0
MS,44,9.428571428571429,880.0
MS,45,8.571428571428571,912.0
MS,46,10.571428571428571,938.0
MS,47,6.714285714285714,962.0
MS,48,6.857142857142857,954.0
MS,49,5.714285714285714,1068.0
MS,50,7.857142857142857,988.0
MS,6,9.142857142857142,962.0
MS,51,10.285714285714286,996.0
MS,52,5.428571428571429,976.0
MS,7,8.0,1018.0
MS,8,5.571428571428571,1014.0
MS,9,7.0,1004.0
MS,10,6.142857142857143,976.0
MT,1,14.428571428571429,204.0
MT,2,6.428571428571429,244.0
MT,11,2.4285714285714284,188.0
MT,12,2.857142857142857,228.0
MT,13,3.0,196.0
MT,14,3.142857142857143,254.0
MT,15,3.142857142857143,214.0
MT,16,4.285714285714286,234.0
MT,17,2.4285714285714284,236.0
MT,18,7.285714285714286,234.0
MT,19,4.857142857142857,226.0
MT,20,3.2857142857142856,174.0
MT,3,5.857142857142857,198.0
MT,21,2.2857142857142856,234.0
MT,22,3.5714285714285716,184.0
MT,23,5.0,204.0
MT,24,2.4285714285714284,136.0
MT,25,3.7142857142857144,166.0
MT,26,5.285714285714286,146.0
MT,27,3.142857142857143,178.0
MT,28,2.7142857142857144,208.0
MT,29,4.428571428571429,220.0
MT,30,4.571428571428571,256.0
MT,4,4.142857142857143,210.0
MT,31,7.714285714285714,192.0
MT,32,4.571428571428571,190.0
MT,33,5.428571428571429,232.0
MT,34,6.857142857142857,212.0
MT,35,10.428571428571429,190.0
MT,36,2.4285714285714284,228.0
MT,37,4.0,176.0
MT,38,2.5714285714285716,206.0
MT,39,4.571428571428571,170.0
MT,40,3.7142857142857144,250.0
MT,5,4.142857142857143,206.0
MT,41,3.857142857142857,224.0
MT,42,3.142857142857143,240.0
MT,43,5.142857142857143,226.0
MT,44,4.142857142857143,218.0
MT,45,6.428571428571429,212.0
MT,46,3.7142857142857144,200.0
MT,47,4.857142857142857,212.0
MT,48,4.571428571428571,252.0
MT,49,4.571428571428571,226.0
MT,50,7.285714285714286,202.0
MT,6,5.714285714285714,228.0
MT,51,6.571428571428571,288.0
MT,52,5.0,226.0
MT,7,2.0,196.0
MT,8,3.7142857142857144,232.0
MT,9,3.142857142857143,206.0
MT,10,2.2857142857142856,186.0
NC,1,6.142857142857143,2988.0
NC,2,6.0,2978.0
NC,11,8.0,2674.0
NC,12,8.857142857142858,2920.0
NC,13,5.428571428571429,2842.0
NC,14,4.285714285714286,2744.0
NC,15,5.285714285714286,2792.0
NC,16,8.714285714285714,2612.0
NC,17,8.571428571428571,2510.0
NC,18,4.714285714285714,2692.0
NC,19,10.571428571428571,2790.0
NC,20,5.428571428571429,2476.0
NC,3,6.857142857142857,2926.0
NC,21,8.714285714285714,2542.0
NC,22,6.0,2688.0
NC,23,6.142857142857143,2542.0
NC,24,8.142857142857142,2504.0
NC,25,9.285714285714286,2516.0
NC,26,8.571428571428571,2622.0
NC,27,7.714285714285714,2500.0
NC,28,8.0,2616.0
NC,29,7.428571428571429,2414.0
NC,30,8.142857142857142,2418.0
NC,4,9.714285714285714,3072.0
NC,31,5.857142857142857,2396.0
NC,32,5.142857142857143,2388.0
NC,33,4.428571428571429,2506.0
NC,34,7.714285714285714,2544.0
NC,35,7.142857142857143,2524.0
NC,36,10.0,2538.0
NC,37,7.571428571428571,2342.0
NC,38,3.7142857142857144,2562.0
NC,39,7.285714285714286,2550.0
NC,40,5.142857142857143,2570.0
NC,5,6.571428571428571,2890.0
NC,41,5.571428571428571,2648.0
NC,42,6.714285714285714,2684.0
NC,43,7.571428571428571,2702.0
NC,44,9.714285714285714,2664.0
NC,45,9.0,2716.0
NC,46,21.142857142857142,2912.0
NC,47,9.571428571428571,2708.0
NC,48,6.714285714285714,2800.0
NC,49,5.142857142857143,2880.0
NC,50,8.714285714285714,2916.0
NC,6,6.428571428571429,2858.0
NC,51,8.571428571428571,2766.0
NC,52,6.428571428571429,2936.0
NC,7,7.0,2988.0
NC,8,6.571428571428571,2830.0
NC,9,8.571428571428571,2910.0
NC,10,10.142857142857142,2876.0
ND,1,8.714285714285714,102.0
ND,2,7.285714285714286,126.0
ND,11,2.5714285714285716,124.0
ND,12,4.571428571428571,150.0
ND,13,3.142857142857143,68.0
ND,14,3.2857142857142856,92.0
ND,15,5.571428571428571,90.0
ND,16,3.0,168.0
ND,17,3.142857142857143,112.0
ND,18,8.428571428571429,124.0
ND,19,6.428571428571429,106.0
ND,20,6.0,102.0
ND,3,6.285714285714286,124.0
ND,21,3.142857142857143,136.0
ND,22,2.4285714285714284,98.0
ND,23,2.857142857142857,104.0
ND,24,2.2857142857142856,78.0
ND,25,3.0,134.0
ND,26,3.0,94.0
ND,27,1.7142857142857142,108.0
ND,28,1.8571428571428572,126.0
ND,29,2.5714285714285716,118.0
ND,30,2.4285714285714284,114.0
ND,4,4.571428571428571,122.0
ND,31,3.7142857142857144,74.0
ND,32,2.857142857142857,102.0
ND,33,2.7142857142857144,70.0
ND,34,2.857142857142857,74.0
ND,35,4.428571428571429,112.0
ND,36,2.5714285714285716,46.0
ND,37,2.0,144.0
ND,38,3.0,88.0
ND,39,2.4285714285714284,68.0
ND,40,2.142857142857143,158.0
ND,5,5.285714285714286,130.0
ND,41,2.7142857142857144,168.0
ND,42,3.7142857142857144,136.0
ND,43,3.857142857142857,118.0
ND,44,3.4285714285714284,178.0
ND,45,3.5714285714285716,112.0
ND,46,3.5714285714285716,126.0
ND,47,5.714285714285714,142.0
ND,48,3.142857142857143,142.0
ND,49,5.0,112.0
ND,50,4.857142857142857,154.0
ND,6,4.0,84.0
ND,51,3.4285714285714284,68.0
ND,52,3.4285714285714284,134.0
ND,7,5.714285714285714,142.0
ND,8,3.7142857142857144,100.0
ND,9,4.428571428571429,84.0
ND,10,5.285714285714286,138.0
NE,1,8.857142857142858,398.0
NE,2,5.714285714285714,460.0
NE,11,3.4285714285714284,486.0
NE,12,6.142857142857143,418.0
NE,13,5.142857142857143,416.0
NE,14,4.857142857142857,486.0
NE,15,8.857142857142858,534.0
NE,16,4.714285714285714,376.0
NE,17,3.2857142857142856,394.0
NE,18,7.714285714285714,420.0
NE,19,6.0,396.0
NE,20,4.857142857142857,364.0
NE,3,11.0,462.0
NE,21,3.857142857142857,332.0
NE,22,3.2857142857142856,380.0
NE,23,6.142857142857143,392.0
NE,24,7.0,298.0
NE,25,6.142857142857143,300.0
NE,26,4.428571428571429,370.0
NE,27,5.0,354.0
NE,28,5.714285714285714,310.0
NE,29,5.857142857142857,346.0
NE,30,5.142857142857143,402.0
NE,4,7.857142857142857,450.0
NE,31,5.571428571428571,348.0
NE,32,5.285714285714286,422.0
NE,33,5.571428571428571,430.0
NE,34,5.142857142857143,430.0
NE,35,5.0,340.0
NE,36,5.285714285714286,364.0
NE,37,4.0,372.0
NE,38,8.142857142857142,414.0
NE,39,5.142857142857143,428.0
NE,40,6.0,356.0
NE,5,6.142857142857143,410.0
NE,41,5.428571428571429,452.0
NE,42,5.714285714285714,432.0
NE,43,8.857142857142858,404.0
NE,44,6.428571428571429,476.0
NE,45,7.0,400.0
NE,46,6.857142857142857,494.0
NE,47,6.571428571428571,462.0
NE,48,5.857142857142857,446.0
NE,49,5.428571428571429,440.0
NE,50,7.142857142857143,466.0
NE,6,4.714285714285714,384.0
NE,51,7.142857142857143,480.0
NE,52,4.571428571428571,482.0
NE,7,5.857142857142857,506.0
NE,8,4.857142857142857,400.0
NE,9,6.714285714285714,448.0
NE,10,8.0,456.0
NH,1,7.857142857142857,296.0
NH,2,6.0,274.0
NH,11,1.2857142857142858,270.0
NH,12,3.2857142857142856,296.0
NH,13,3.5714285714285716,250.0
NH,14,3.142857142857143,328.0
NH,15,4.142857142857143,288.0
NH,16,5.142857142857143,314.0
NH,17,3.4285714285714284,238.0
NH,18,1.7142857142857142,256.0
NH,19,3.4285714285714284,252.0
NH,20,3.142857142857143,274.0
NH,3,2.857142857142857,268.0
NH,21,8.428571428571429,230.0
NH,22,5.285714285714286,254.0
NH,23,3.142857142857143,270.0
NH,24,3.142857142857143,238.0
NH,25,5.571428571428571,304.0
NH,26,5.285714285714286,298.0
NH,27,6.428571428571429,262.0
NH,28,5.142857142857143,200.0
NH,29,6.571428571428571,268.0
NH,30,6.142857142857143,262.0
NH,4,6.0,290.0
NH,31,5.428571428571429,236.0
NH,32,4.571428571428571,276.0
NH,33,3.2857142857142856,262.0
NH,34,4.571428571428571,246.0
NH,35,4.0,204.0
NH,36,2.7142857142857144,248.0
NH,37,3.4285714285714284,288.0
NH,38,3.142857142857143,258.0
NH,39,2.4285714285714284,246.0
NH,40,3.7142857142857144,280.0
NH,5,4.857142857142857,292.0
NH,41,3.0,274.0
NH,42,4.0,256.0
NH,43,1.8571428571428572,292.0
NH,44,5.142857142857143,240.0
NH,45,3.857142857142857,240.0
NH,46,4.571428571428571,256.0
NH,47,2.7142857142857144,258.0
NH,48,3.142857142857143,244.0
NH,49,4.714285714285714,336.0
NH,50,7.571428571428571,330.0
NH,6,6.285714285714286,314.0
NH,51,8.428571428571429,300.0
NH,52,2.7142857142857144,314.0
NH,7,5.714285714285714,274.0
NH,8,2.4285714285714284,316.0
NH,9,4.428571428571429,254.0
NH,10,7.857142857142857,276.0
NJ,1,12.571428571428571,2306.0
NJ,2,9.285714285714286,2450.0
NJ,11,5.285714285714286,2392.0
NJ,12,7.428571428571429,2480.0
NJ,13,4.571428571428571,2140.0
NJ,14,4.285714285714286,2154.0
NJ,15,5.857142857142857,2218.0
NJ,16,7.857142857142857,2276.0
NJ,17,6.857142857142857,2142.0
NJ,18,4.0,2078.0
NJ,19,8.857142857142858,2208.0
NJ,20,5.285714285714286,2118.0
NJ,3,5.571428571428571,2366.0
NJ,21,11.857142857142858,2122.0
NJ,22,7.428571428571429,2094.0
NJ,23,6.142857142857143,1998.0
NJ,24,7.0,2184.0
NJ,25,10.285714285714286,2020.0
NJ,26,7.285714285714286,2116.0
NJ,27,8.857142857142858,2084.0
NJ,28,6.714285714285714,1992.0
NJ,29,9.857142857142858,1964.0
NJ,30,9.142857142857142,2046.0
NJ,4,11.714285714285714,2396.0
NJ,31,6.714285714285714,2036.0
NJ,32,7.714285714285714,2128.0
NJ,33,7.142857142857143,2098.0
NJ,34,6.571428571428571,2124.0
NJ,35,6.714285714285714,2090.0
NJ,36,7.857142857142857,2000.0
NJ,37,4.714285714285714,2140.0
NJ,38,6.142857142857143,2076.0
NJ,39,4.428571428571429,2052.0
NJ,40,7.0,2070.0
NJ,5,7.428571428571429,2338.0
NJ,41,5.142857142857143,2132.0
NJ,42,8.428571428571429,2314.0
NJ,43,4.714285714285714,2174.0
NJ,44,7.857142857142857,2200.0
NJ,45,6.285714285714286,2222.0
NJ,46,11.142857142857142,2370.0
NJ,47,7.428571428571429,2222.0
NJ,48,5.571428571428571,2214.0
NJ,49,6.857142857142857,2286.0
NJ,50,10.857142857142858,2292.0
NJ,6,8.857142857142858,2282.0
NJ,51,11.428571428571429,2382.0
NJ,52,6.142857142857143,2524.0
NJ,7,7.142857142857143,2246.0
NJ,8,5.142857142857143,2294.0
NJ,9,7.714285714285714,2368.0
NJ,10,12.714285714285714,2328.0
NM,1,6.142857142857143,466.0
NM,2,5.428571428571429,460.0
NM,11,5.285714285714286,510.0
NM,12,6.142857142857143,472.0
NM,13,4.857142857142857,468.0
NM,14,3.4285714285714284,574.0
NM,15,3.2857142857142856,392.0
NM,16,3.4285714285714284,418.0
NM,17,4.857142857142857,392.0
NM,18,4.142857142857143,422.0
NM,19,5.0,374.0
NM,20,4.142857142857143,326.0
NM,3,5.142857142857143,484.0
NM,21,5.857142857142857,424.0
NM,22,5.428571428571429,416.0
NM,23,6.571428571428571,328.0
NM,24,7.428571428571429,382.0
NM,25,6.714285714285714,360.0
NM,26,4.0,326.0
NM,27,5.857142857142857,310.0
NM,28,6.142857142857143,384.0
NM,29,4.285714285714286,358.0
NM,30,4.714285714285714,372.0
NM,4,5.428571428571429,450.0
NM,31,3.4285714285714284,384.0
NM,32,2.857142857142857,304.0
NM,33,3.5714285714285716,422.0
NM,34,3.142857142857143,344.0
NM,35,2.2857142857142856,330.0
NM,36,3.7142857142857144,366.0
NM,37,3.142857142857143,394.0
NM,38,3.7142857142857144,378.0
NM,39,3.4285714285714284,346.0
NM,40,4.142857142857143,368.0
NM,5,3.142857142857143,436.0
NM,41,5.0,370.0
NM,42,5.428571428571429,358.0
NM,43,6.857142857142857,446.0
NM,44,4.428571428571429,384.0
NM,45,5.571428571428571,354.0
NM,46,7.142857142857143,386.0
NM,47,6.857142857142857,378.0
NM,48,5.428571428571429,400.0
NM,49,8.857142857142858,526.0
NM,50,7.0,356.0
NM,6,5.571428571428571,448.0
NM,51,7.857142857142857,442.0
NM,52,7.714285714285714,424.0
NM,7,4.571428571428571,486.0
NM,8,4.857142857142857,482.0
NM,9,5.571428571428571,450.0
NM,10,5.0,552.0
NV,1,5.142857142857143,700.0
NV,2,5.142857142857143,722.0
NV,11,4.142857142857143,704.0
NV,12,2.7142857142857144,746.0
NV,13,3.142857142857143,732.0
NV,14,3.142857142857143,736.0
NV,15,2.5714285714285716,650.0
NV,16,3.4285714285714284,720.0
NV,17,2.142857142857143,662.0
NV,18,2.7142857142857144,568.0
NV,19,2.857142857142857,744.0
NV,20,2.7142857142857144,614.0
NV,3,5.428571428571429,684.0
NV,21,3.2857142857142856,596.0
NV,22,4.428571428571429,626.0
NV,23,6.428571428571429,626.0
NV,24,3.857142857142857,602.0
NV,25,5.142857142857143,574.0
NV,26,6.571428571428571,622.0
NV,27,5.285714285714286,588.0
NV,28,3.857142857142857,674.0
NV,29,3.2857142857142856,570.0
NV,30,14.285714285714286,656.0
NV,4,4.571428571428571,636.0
NV,31,5.714285714285714,712.0
NV,32,5.714285714285714,634.0
NV,33,6.428571428571429,678.0
NV,34,7.142857142857143,692.0
NV,35,5.428571428571429,654.0
NV,36,7.285714285714286,690.0
NV,37,6.714285714285714,618.0
NV,38,6.428571428571429,684.0
NV,39,5.428571428571429,626.0
NV,40,5.428571428571429,586.0
NV,5,4.285714285714286,748.0
NV,41,6.428571428571429,620.0
NV,42,5.571428571428571,614.0
NV,43,6.857142857142857,682.0
NV,44,5.285714285714286,630.0
NV,45,9.142857142857142,582.0
NV,46,8.0,650.0
NV,47,8.142857142857142,656.0
NV,48,5.571428571428571,674.0
NV,49,9.0,746.0
NV,50,9.0,748.0
NV,6,5.571428571428571,746.0
NV,51,7.857142857142857,774.0
NV,52,10.857142857142858,758.0
NV,7,3.142857142857143,680.0
NV,8,4.0,790.0
NV,9,3.7142857142857144,682.0
NV,10,2.2857142857142856,770.0
NY,1,10.714285714285714,5006.0
NY,2,7.571428571428571,4998.0
NY,11,3.857142857142857,4694.0
NY,12,5.857142857142857,4740.0
NY,13,4.714285714285714,4778.0
NY,14,3.857142857142857,4816.0
NY,15,5.142857142857143,4824.0
NY,16,7.428571428571429,4840.0
NY,17,5.285714285714286,4530.0
NY,18,3.5714285714285716,4544.0
NY,19,7.142857142857143,4430.0
NY,20,4.857142857142857,4400.0
NY,3,4.142857142857143,4994.0
NY,21,12.142857142857142,4626.0
NY,22,7.428571428571429,4110.0
NY,23,5.142857142857143,4166.0
NY,24,6.285714285714286,4494.0
NY,25,8.714285714285714,4398.0
NY,26,7.0,4240.0
NY,27,9.428571428571429,4382.0
NY,28,6.714285714285714,4204.0
NY,29,8.428571428571429,4226.0
NY,30,8.714285714285714,4518.0
NY,4,9.285714285714286,5174.0
NY,31,6.142857142857143,4338.0
NY,32,7.285714285714286,4354.0
NY,33,6.142857142857143,4444.0
NY,34,6.142857142857143,4188.0
NY,35,5.857142857142857,4230.0
NY,36,7.0,4440.0
NY,37,4.428571428571429,4290.0
NY,38,5.857142857142857,4340.0
NY,39,4.0,4416.0
NY,40,6.428571428571429,4556.0
NY,5,6.285714285714286,4914.0
NY,41,4.428571428571429,4752.0
NY,42,7.285714285714286,4712.0
NY,43,3.7142857142857144,4656.0
NY,44,7.142857142857143,4790.0
NY,45,5.428571428571429,4906.0
NY,46,9.571428571428571,4800.0
NY,47,5.714285714285714,4628.0
NY,48,5.142857142857143,4916.0
NY,49,5.571428571428571,4678.0
NY,50,9.285714285714286,4998.0
NY,6,7.285714285714286,4652.0
NY,51,10.285714285714286,5108.0
NY,52,5.0,5116.0
NY,7,5.857142857142857,4670.0
NY,8,4.0,4824.0
NY,9,6.142857142857143,4958.0
NY,10,11.571428571428571,5044.0
OH,1,10.142857142857142,3878.0
OH,2,8.571428571428571,3880.0
OH,11,4.714285714285714,3660.0
OH,12,7.142857142857143,3844.0
OH,13,5.857142857142857,3758.0
OH,14,4.571428571428571,3722.0
OH,15,6.714285714285714,3850.0
OH,16,10.0,3686.0
OH,17,8.714285714285714,3488.0
OH,18,6.571428571428571,3460.0
OH,19,6.571428571428571,3492.0
OH,20,5.857142857142857,3462.0
OH,3,10.428571428571429,3756.0
OH,21,12.142857142857142,3376.0
OH,22,10.714285714285714,3220.0
OH,23,6.714285714285714,3308.0
OH,24,7.571428571428571,3284.0
OH,25,8.714285714285714,3418.0
OH,26,7.428571428571429,3246.0
OH,27,10.0,3386.0
OH,28,8.714285714285714,3418.0
OH,29,10.428571428571429,3188.0
OH,30,9.714285714285714,3338.0
OH,4,9.0,3740.0
OH,31,9.571428571428571,3206.0
OH,32,7.0,3448.0
OH,33,6.142857142857143,3378.0
OH,34,7.0,3098.0
OH,35,6.0,3410.0
OH,36,8.857142857142858,3238.0
OH,37,7.0,3334.0
OH,38,10.0,3446.0
OH,39,5.142857142857143,3442.0
OH,40,7.571428571428571,3408.0
OH,5,7.857142857142857,3656.0
OH,41,6.428571428571429,3428.0
OH,42,6.0,3480.0
OH,43,5.857142857142857,3574.0
OH,44,8.714285714285714,3474.0
OH,45,10.0,3452.0
OH,46,13.285714285714286,3746.0
OH,47,7.0,3604.0
OH,48,7.571428571428571,3718.0
OH,49,7.428571428571429,3714.0
OH,50,10.0,3840.0
OH,6,8.142857142857142,3734.0
OH,51,12.285714285714286,3848.0
OH,52,6.285714285714286,3870.0
OH,7,10.571428571428571,3880.0
OH,8,5.142857142857143,3746.0
OH,9,8.857142857142858,3710.0
OH,10,10.142857142857142,3858.0
OK,1,7.571428571428571,1196.0
OK,2,6.571428571428571,1180.0
OK,11,6.428571428571429,1144.0
OK,12,8.0,1096.0
OK,13,7.285714285714286,1072.0
OK,14,8.857142857142858,1086.0
OK,15,6.142857142857143,1110.0
OK,16,4.571428571428571,1038.0
OK,17,6.0,1146.0
OK,18,5.285714285714286,1114.0
OK,19,6.714285714285714,988.0
OK,20,5.571428571428571,1046.0
OK,3,10.285714285714286,1140.0
OK,21,9.571428571428571,1106.0
OK,22,5.428571428571429,1012.0
OK,23,9.428571428571429,924.0
OK,24,12.142857142857142,998.0
OK,25,9.285714285714286,1032.0
OK,26,8.142857142857142,1006.0
OK,27,10.0,1028.0
OK,28,11.571428571428571,1036.0
OK,29,9.285714285714286,990.0
OK,30,7.142857142857143,1006.0
OK,4,5.571428571428571,1248.0
OK,31,8.857142857142858,1056.0
OK,32,8.142857142857142,984.0
OK,33,4.428571428571429,1062.0
OK,34,6.714285714285714,1046.0
OK,35,7.428571428571429,948.0
OK,36,9.285714285714286,1062.0
OK,37,6.857142857142857,1028.0
OK,38,9.857142857142858,1064.0
OK,39,4.571428571428571,978.0
OK,40,8.0,998.0
OK,5,6.142857142857143,1100.0
OK,41,6.714285714285714,1058.0
OK,42,4.857142857142857,1026.0
OK,43,8.142857142857142,970.0
OK,44,7.714285714285714,984.0
OK,45,7.0,1208.0
OK,46,7.571428571428571,1044.0
OK,47,7.142857142857143,1092.0
OK,48,6.142857142857143,1202.0
OK,49,4.857142857142857,1288.0
OK,50,8.857142857142858,1150.0
OK,6,6.142857142857143,1200.0
OK,51,8.428571428571429,1258.0
OK,52,4.0,1240.0
OK,7,10.0,1160.0
OK,8,5.714285714285714,1274.0
OK,9,5.714285714285714,1264.0
OK,10,6.857142857142857,1218.0
OR,1,14.285714285714286,1050.0
OR,2,5.142857142857143,948.0
OR,11,3.4285714285714284,1084.0
OR,12,3.5714285714285716,1072.0
OR,13,5.571428571428571,1032.0
OR,14,5.857142857142857,996.0
OR,15,4.428571428571429,968.0
OR,16,5.571428571428571,1030.0
OR,17,3.5714285714285716,880.0
OR,18,5.142857142857143,1044.0
OR,19,5.0,998.0
OR,20,3.0,900.0
OR,3,3.5714285714285716,1038.0
OR,21,3.7142857142857144,1000.0
OR,22,5.428571428571429,878.0
OR,23,5.142857142857143,880.0
OR,24,2.7142857142857144,946.0
OR,25,3.4285714285714284,886.0
OR,26,4.714285714285714,988.0
OR,27,4.285714285714286,946.0
OR,28,3.142857142857143,976.0
OR,29,3.4285714285714284,918.0
OR,30,5.285714285714286,952.0
OR,4,4.285714285714286,1042.0
OR,31,5.142857142857143,886.0
OR,32,4.857142857142857,930.0
OR,33,5.857142857142857,940.0
OR,34,5.857142857142857,876.0
OR,35,4.142857142857143,1014.0
OR,36,4.571428571428571,832.0
OR,37,6.285714285714286,864.0
OR,38,4.571428571428571,934.0
OR,39,6.0,950.0
OR,40,3.4285714285714284,978.0
OR,5,5.142857142857143,1028.0
OR,41,6.285714285714286,1056.0
OR,42,6.285714285714286,948.0
OR,43,6.428571428571429,976.0
OR,44,8.571428571428571,1028.0
OR,45,9.142857142857142,990.0
OR,46,5.0,1038.0
OR,47,3.7142857142857144,1060.0
OR,48,5.285714285714286,1022.0
OR,49,6.285714285714286,1034.0
OR,50,10.285714285714286,1142.0
OR,6,9.428571428571429,964.0
OR,51,12.285714285714286,1092.0
OR,52,10.428571428571429,1202.0
OR,7,2.857142857142857,996.0
OR,8,8.714285714285714,1072.0
OR,9,3.5714285714285716,1160.0
OR,10,2.857142857142857,1100.0
PA,1,14.428571428571429,4342.0
PA,2,10.857142857142858,4360.0
PA,11,6.142857142857143,4262.0
PA,12,8.714285714285714,4170.0
PA,13,5.428571428571429,4324.0
PA,14,5.0,4084.0
PA,15,7.0,4050.0
PA,16,8.857142857142858,4268.0
PA,17,8.571428571428571,3914.0
PA,18,5.0,3870.0
PA,19,9.714285714285714,3770.0
PA,20,6.0,3712.0
PA,3,8.428571428571429,4420.0
PA,21,12.285714285714286,3774.0
PA,22,10.0,3594.0
PA,23,6.571428571428571,3660.0
PA,24,8.0,3748.0
PA,25,10.571428571428571,3598.0
PA,26,8.428571428571429,3896.0
PA,27,8.857142857142858,3514.0
PA,28,7.571428571428571,3738.0
PA,29,10.285714285714286,3758.0
PA,30,9.571428571428571,3650.0
PA,4,13.571428571428571,4546.0
PA,31,7.285714285714286,3666.0
PA,32,7.0,3748.0
PA,33,6.428571428571429,3688.0
PA,34,7.142857142857143,3782.0
PA,35,6.571428571428571,3676.0
PA,36,8.285714285714286,3684.0
PA,37,5.714285714285714,3760.0
PA,38,7.571428571428571,3638.0
PA,39,4.428571428571429,3782.0
PA,40,7.0,3930.0
PA,5,8.857142857142858,4276.0
PA,41,6.142857142857143,3972.0
PA,42,8.142857142857142,3946.0
PA,43,6.285714285714286,3992.0
PA,44,9.142857142857142,4068.0
PA,45,7.571428571428571,4010.0
PA,46,15.142857142857142,4114.0
PA,47,9.142857142857142,4140.0
PA,48,7.285714285714286,4274.0
PA,49,8.571428571428571,4220.0
PA,50,12.285714285714286,4400.0
PA,6,10.285714285714286,4276.0
PA,51,13.571428571428571,4268.0
PA,52,7.857142857142857,4536.0
PA,7,8.285714285714286,4364.0
PA,8,5.428571428571429,4092.0
PA,9,8.285714285714286,4290.0
PA,10,12.714285714285714,4240.0
RI,1,10.857142857142858,242.0
RI,2,6.571428571428571,208.0
RI,11,2.2857142857142856,234.0
RI,12,5.142857142857143,238.0
RI,13,3.142857142857143,206.0
RI,14,4.285714285714286,218.0
RI,15,4.142857142857143,258.0
RI,16,6.142857142857143,204.0
RI,17,4.0,246.0
RI,18,2.0,218.0
RI,19,4.285714285714286,220.0
RI,20,3.857142857142857,174.0
RI,3,3.0,208.0
RI,21,9.571428571428571,210.0
RI,22,6.714285714285714,182.0
RI,23,4.428571428571429,164.0
RI,24,4.571428571428571,186.0
RI,25,6.0,186.0
RI,26,4.714285714285714,152.0
RI,27,7.428571428571429,180.0
RI,28,5.285714285714286,200.0
RI,29,8.714285714285714,198.0
RI,30,8.142857142857142,200.0
RI,4,7.142857142857143,258.0
RI,31,5.857142857142857,230.0
RI,32,6.285714285714286,204.0
RI,33,4.857142857142857,200.0
RI,34,5.285714285714286,206.0
RI,35,4.857142857142857,218.0
RI,36,4.857142857142857,198.0
RI,37,3.2857142857142856,156.0
RI,38,3.2857142857142856,206.0
RI,39,2.5714285714285716,224.0
RI,40,4.571428571428571,268.0
RI,5,5.571428571428571,242.0
RI,41,4.0,236.0
RI,42,6.571428571428571,214.0
RI,43,3.142857142857143,192.0
RI,44,6.142857142857143,210.0
RI,45,4.714285714285714,224.0
RI,46,5.857142857142857,240.0
RI,47,3.7142857142857144,190.0
RI,48,3.857142857142857,228.0
RI,49,5.714285714285714,202.0
RI,50,8.0,226.0
RI,6,7.285714285714286,232.0
RI,51,9.285714285714286,290.0
RI,52,4.285714285714286,234.0
RI,7,6.142857142857143,284.0
RI,8,3.7142857142857144,230.0
RI,9,5.571428571428571,190.0
RI,10,10.285714285714286,246.0
SC,1,5.571428571428571,1484.0
SC,2,5.428571428571429,1570.0
SC,11,10.0,1364.0
SC,12,8.142857142857142,1396.0
SC,13,5.142857142857143,1428.0
SC,14,4.285714285714286,1326.0
SC,15,5.571428571428571,1362.0
SC,16,8.571428571428571,1366.0
SC,17,8.285714285714286,1406.0
SC,18,5.285714285714286,1232.0
SC,19,9.571428571428571,1348.0
SC,20,5.142857142857143,1280.0
SC,3,6.428571428571429,1496.0
SC,21,8.714285714285714,1330.0
SC,22,6.857142857142857,1306.0
SC,23,7.0,1302.0
SC,24,10.0,1248.0
SC,25,9.0,1284.0
SC,26,8.428571428571429,1290.0
SC,27,8.0,1408.0
SC,28,8.142857142857142,1284.0
SC,29,6.571428571428571,1206.0
SC,30,8.0,1230.0
SC,4,8.285714285714286,1524.0
SC,31,6.571428571428571,1238.0
SC,32,5.285714285714286,1362.0
SC,33,4.571428571428571,1234.0
SC,34,7.714285714285714,1180.0
SC,35,6.714285714285714,1228.0
SC,36,10.571428571428571,1334.0
SC,37,6.714285714285714,1404.0
SC,38,4.285714285714286,1356.0
SC,39,8.285714285714286,1296.0
SC,40,5.714285714285714,1266.0
SC,5,6.714285714285714,1466.0
SC,41,6.571428571428571,1448.0
SC,42,6.571428571428571,1268.0
SC,43,8.857142857142858,1262.0
SC,44,9.857142857142858,1222.0
SC,45,13.714285714285714,1338.0
SC,46,30.714285714285715,1390.0
SC,47,8.714285714285714,1456.0
SC,48,7.142857142857143,1528.0
SC,49,5.714285714285714,1380.0
SC,50,8.0,1384.0
SC,6,6.142857142857143,1616.0
SC,51,7.857142857142857,1530.0
SC,52,7.571428571428571,1580.0
SC,7,6.142857142857143,1622.0
SC,8,6.285714285714286,1514.0
SC,9,8.714285714285714,1484.0
SC,10,8.714285714285714,1408.0
SD,1,7.857142857142857,148.0
SD,2,5.428571428571429,126.0
SD,11,3.4285714285714284,132.0
SD,12,5.142857142857143,216.0
SD,13,4.142857142857143,186.0
SD,14,3.142857142857143,186.0
SD,15,6.142857142857143,202.0
SD,16,4.571428571428571,168.0
SD,17,3.857142857142857,152.0
SD,18,7.0,120.0
SD,19,5.142857142857143,150.0
SD,20,4.857142857142857,182.0
SD,3,7.857142857142857,184.0
SD,21,3.2857142857142856,124.0
SD,22,2.7142857142857144,90.0
SD,23,4.428571428571429,114.0
SD,24,3.7142857142857144,186.0
SD,25,3.857142857142857,182.0
SD,26,2.857142857142857,114.0
SD,27,2.7142857142857144,116.0
SD,28,2.857142857142857,158.0
SD,29,3.7142857142857144,110.0
SD,30,2.7142857142857144,174.0
SD,4,4.571428571428571,160.0
SD,31,3.7142857142857144,130.0
SD,32,2.857142857142857,128.0
SD,33,3.4285714285714284,124.0
SD,34,4.142857142857143,146.0
SD,35,4.714285714285714,98.0
SD,36,3.2857142857142856,126.0
SD,37,2.7142857142857144,168.0
SD,38,4.571428571428571,102.0
SD,39,3.2857142857142856,134.0
SD,40,3.857142857142857,164.0
SD,5,3.857142857142857,164.0
SD,41,3.857142857142857,162.0
SD,42,4.428571428571429,148.0
SD,43,6.285714285714286,192.0
SD,44,4.428571428571429,132.0
SD,45,4.857142857142857,214.0
SD,46,4.428571428571429,118.0
SD,47,4.857142857142857,168.0
SD,48,3.2857142857142856,166.0
SD,49,4.0,196.0
SD,50,5.0,200.0
SD,6,3.7142857142857144,162.0
SD,51,3.857142857142857,158.0
SD,52,2.7142857142857144,188.0
SD,7,4.571428571428571,132.0
SD,8,3.857142857142857,142.0
SD,9,4.857142857142857,142.0
SD,10,6.428571428571429,172.0
TN,1,7.0,2306.0
TN,2,6.714285714285714,2200.0
TN,11,6.0,2120.0
TN,12,8.0,2212.0
TN,13,5.142857142857143,2186.0
TN,14,4.428571428571429,2208.0
TN,15,6.0,2210.0
TN,16,8.285714285714286,2070.0
TN,17,7.571428571428571,1960.0
TN,18,5.428571428571429,2042.0
TN,19,9.0,2030.0
TN,20,5.142857142857143,1984.0
TN,3,8.571428571428571,2202.0
TN,21,10.428571428571429,2024.0
TN,22,8.714285714285714,2096.0
TN,23,7.428571428571429,2068.0
TN,24,9.857142857142858,1934.0
TN,25,9.285714285714286,2002.0
TN,26,8.428571428571429,2128.0
TN,27,8.285714285714286,1914.0
TN,28,7.714285714285714,1976.0
TN,29,10.0,1906.0
TN,30,7.285714285714286,1924.0
TN,4,8.428571428571429,2288.0
TN,31,8.857142857142858,1940.0
TN,32,5.714285714285714,2038.0
TN,33,4.0,2026.0
TN,34,7.142857142857143,2040.0
TN,35,9.0,2034.0
TN,36,9.571428571428571,1974.0
TN,37,8.0,2048.0
TN,38,8.571428571428571,1884.0
TN,39,7.714285714285714,2076.0
TN,40,7.571428571428571,2098.0
TN,5,5.428571428571429,2306.0
TN,41,7.857142857142857,2022.0
TN,42,6.857142857142857,2028.0
TN,43,10.857142857142858,2168.0
TN,44,10.857142857142858,2028.0
TN,45,13.571428571428571,2066.0
TN,46,18.571428571428573,2104.0
TN,47,9.714285714285714,2022.0
TN,48,7.285714285714286,2236.0
TN,49,5.714285714285714,2196.0
TN,50,7.714285714285714,2356.0
TN,6,7.0,2278.0
TN,51,9.428571428571429,2380.0
TN,52,5.285714285714286,2268.0
TN,7,8.571428571428571,2164.0
TN,8,5.857142857142857,2166.0
TN,9,7.0,2290.0
TN,10,8.428571428571429,2296.0
TX,1,8.428571428571429,6296.0
TX,2,8.428571428571429,5952.0
TX,11,8.142857142857142,5746.0
TX,12,6.285714285714286,5906.0
TX,13,7.285714285714286,5976.0
TX,14,7.0,5892.0
TX,15,6.571428571428571,5642.0
TX,16,5.571428571428571,5696.0
TX,17,9.857142857142858,5754.0
TX,18,6.428571428571429,5574.0
TX,19,9.142857142857142,5504.0
TX,20,6.142857142857143,5686.0
TX,3,8.857142857142858,5856.0
TX,21,7.857142857142857,5640.0
TX,22,4.857142857142857,5334.0
TX,23,8.142857142857142,5708.0
TX,24,8.714285714285714,5596.0
TX,25,7.0,5514.0
TX,26,8.285714285714286,5454.0
TX,27,8.428571428571429,5420.0
TX,28,11.428571428571429,5322.0
TX,29,6.142857142857143,5432.0
TX,30,6.428571428571429,5522.0
TX,4,7.0,6072.0
TX,31,7.857142857142857,5290.0
TX,32,7.142857142857143,5416.0
TX,33,4.0,5470.0
TX,34,6.142857142857143,5500.0
TX,35,8.714285714285714,5502.0
TX,36,7.285714285714286,5528.0
TX,37,6.857142857142857,5496.0
TX,38,7.714285714285714,5364.0
TX,39,6.428571428571429,5244.0
TX,40,7.428571428571429,5554.0
TX,5,7.571428571428571,5924.0
TX,41,7.428571428571429,5672.0
TX,42,5.142857142857143,5436.0
TX,43,7.571428571428571,5666.0
TX,44,7.285714285714286,5598.0
TX,45,7.857142857142857,5782.0
TX,46,8.428571428571429,5862.0
TX,47,7.714285714285714,5668.0
TX,48,6.571428571428571,5784.0
TX,49,5.571428571428571,5754.0
TX,50,9.857142857142858,6080.0
TX,6,8.285714285714286,6268.0
TX,51,8.714285714285714,6392.0
TX,52,5.428571428571429,6214.0
TX,7,7.142857142857143,6170.0
TX,8,5.428571428571429,5936.0
TX,9,6.857142857142857,6038.0
TX,10,4.857142857142857,5968.0
UT,1,13.857142857142858,504.0
UT,2,12.428571428571429,366.0
UT,11,2.7142857142857144,438.0
UT,12,2.857142857142857,518.0
UT,13,2.857142857142857,482.0
UT,14,2.4285714285714284,506.0
UT,15,1.8571428571428572,470.0
UT,16,3.2857142857142856,496.0
UT,17,1.5714285714285714,372.0
UT,18,3.142857142857143,430.0
UT,19,2.5714285714285716,434.0
UT,20,3.0,458.0
UT,3,7.571428571428571,468.0
UT,21,3.2857142857142856,398.0
UT,22,4.714285714285714,438.0
UT,23,6.428571428571429,452.0
UT,24,5.0,456.0
UT,25,5.857142857142857,492.0
UT,26,6.0,384.0
UT,27,6.571428571428571,396.0
UT,28,5.0,434.0
UT,29,5.714285714285714,414.0
UT,30,9.857142857142858,410.0
UT,4,12.571428571428571,462.0
UT,31,10.714285714285714,416.0
UT,32,6.714285714285714,408.0
UT,33,8.428571428571429,356.0
UT,34,8.857142857142858,354.0
UT,35,6.571428571428571,442.0
UT,36,4.857142857142857,296.0
UT,37,5.285714285714286,428.0
UT,38,3.857142857142857,476.0
UT,39,4.428571428571429,388.0
UT,40,2.7142857142857144,362.0
UT,5,9.285714285714286,474.0
UT,41,6.428571428571429,368.0
UT,42,5.285714285714286,454.0
UT,43,3.857142857142857,364.0
UT,44,5.571428571428571,350.0
UT,45,8.285714285714286,402.0
UT,46,4.0,398.0
UT,47,2.7142857142857144,426.0
UT,48,4.714285714285714,448.0
UT,49,5.142857142857143,470.0
UT,50,4.714285714285714,460.0
UT,6,32.0,476.0
UT,51,10.857142857142858,476.0
UT,52,17.142857142857142,506.0
UT,7,8.714285714285714,444.0
UT,8,5.571428571428571,558.0
UT,9,3.2857142857142856,458.0
UT,10,2.5714285714285716,504.0
VA,1,8.714285714285714,2038.0
VA,2,5.142857142857143,2080.0
VA,11,6.142857142857143,2012.0
VA,12,7.857142857142857,2002.0
VA,13,4.142857142857143,1976.0
VA,14,3.5714285714285716,1918.0
VA,15,5.285714285714286,1928.0
VA,16,7.571428571428571,1956.0
VA,17,6.285714285714286,1894.0
VA,18,3.5714285714285716,2066.0
VA,19,7.714285714285714,1904.0
VA,20,4.857142857142857,1998.0
VA,3,7.142857142857143,2122.0
VA,21,9.0,1886.0
VA,22,5.857142857142857,1872.0
VA,23,6.0,1910.0
VA,24,6.857142857142857,1848.0
VA,25,7.285714285714286,1810.0
VA,26,7.571428571428571,1778.0
VA,27,7.0,1936.0
VA,28,7.285714285714286,1886.0
VA,29,9.571428571428571,1756.0
VA,30,8.857142857142858,1790.0
VA,4,9.714285714285714,2134.0
VA,31,6.285714285714286,1860.0
VA,32,5.714285714285714,1884.0
VA,33,5.428571428571429,1860.0
VA,34,7.142857142857143,1758.0
VA,35,7.142857142857143,1780.0
VA,36,9.285714285714286,1738.0
VA,37,6.142857142857143,1838.0
VA,38,6.142857142857143,1780.0
VA,39,4.428571428571429,1834.0
VA,40,5.0,1906.0
VA,5,6.285714285714286,1954.0
VA,41,4.714285714285714,2020.0
VA,42,7.285714285714286,1980.0
VA,43,5.857142857142857,1888.0
VA,44,8.285714285714286,1828.0
VA,45,6.142857142857143,2072.0
VA,46,12.142857142857142,2026.0
VA,47,10.0,2042.0
VA,48,6.571428571428571,2004.0
VA,49,5.285714285714286,2046.0
VA,50,6.428571428571429,2072.0
VA,6,7.0,1958.0
VA,51,8.857142857142858,2056.0
VA,52,5.857142857142857,2158.0
VA,7,6.285714285714286,2054.0
VA,8,5.857142857142857,2044.0
VA,9,7.285714285714286,2138.0
VA,10,9.285714285714286,2260.0
VT,1,7.714285714285714,96.0
VT,2,5.571428571428571,112.0
VT,11,1.4285714285714286,154.0
VT,12,3.142857142857143,88.0
VT,13,3.4285714285714284,122.0
VT,14,2.4285714285714284,104.0
VT,15,3.7142857142857144,78.0
VT,16,3.5714285714285716,104.0
VT,17,2.7142857142857144,98.0
VT,18,1.7142857142857142,108.0
VT,19,3.142857142857143,106.0
VT,20,3.0,78.0
VT,3,3.4285714285714284,142.0
VT,21,8.714285714285714,78.0
VT,22,5.857142857142857,114.0
VT,23,2.142857142857143,118.0
VT,24,2.5714285714285716,88.0
VT,25,5.142857142857143,52.0
VT,26,5.714285714285714,110.0
VT,27,5.857142857142857,108.0
VT,28,4.714285714285714,130.0
VT,29,4.857142857142857,116.0
VT,30,4.571428571428571,104.0
VT,4,7.428571428571429,134.0
VT,31,5.0,108.0
VT,32,4.571428571428571,106.0
VT,33,2.7142857142857144,108.0
VT,34,4.428571428571429,74.0
VT,35,3.857142857142857,58.0
VT,36,3.2857142857142856,110.0
VT,37,3.2857142857142856,92.0
VT,38,3.5714285714285716,116.0
VT,39,2.142857142857143,78.0
VT,40,2.7142857142857144,74.0
VT,5,4.857142857142857,166.0
VT,41,2.7142857142857144,130.0
VT,42,3.4285714285714284,110.0
VT,43,1.7142857142857142,136.0
VT,44,4.571428571428571,72.0
VT,45,3.142857142857143,128.0
VT,46,6.0,112.0
VT,47,3.0,96.0
VT,48,2.4285714285714284,128.0
VT,49,4.142857142857143,126.0
VT,50,6.285714285714286,120.0
VT,6,4.571428571428571,108.0
VT,51,6.857142857142857,152.0
VT,52,2.7142857142857144,122.0
VT,7,4.428571428571429,132.0
VT,8,2.2857142857142856,86.0
VT,9,3.7142857142857144,86.0
VT,10,7.428571428571429,154.0
WA,1,16.285714285714285,1732.0
WA,2,6.857142857142857,1686.0
WA,11,3.5714285714285716,1660.0
WA,12,3.857142857142857,1668.0
WA,13,6.0,1668.0
WA,14,5.285714285714286,1532.0
WA,15,4.428571428571429,1596.0
WA,16,7.142857142857143,1572.0
WA,17,3.857142857142857,1488.0
WA,18,5.428571428571429,1606.0
WA,19,4.857142857142857,1492.0
WA,20,3.5714285714285716,1614.0
WA,3,4.714285714285714,1778.0
WA,21,3.0,1410.0
WA,22,3.857142857142857,1574.0
WA,23,4.571428571428571,1458.0
WA,24,2.142857142857143,1422.0
WA,25,2.5714285714285716,1458.0
WA,26,4.142857142857143,1512.0
WA,27,3.142857142857143,1440.0
WA,28,3.142857142857143,1410.0
WA,29,3.142857142857143,1418.0
WA,30,5.0,1570.0
WA,4,4.857142857142857,1588.0
WA,31,5.142857142857143,1382.0
WA,32,4.857142857142857,1410.0
WA,33,6.142857142857143,1462.0
WA,34,6.428571428571429,1400.0
WA,35,4.142857142857143,1428.0
WA,36,3.7142857142857144,1450.0
WA,37,5.571428571428571,1454.0
WA,38,4.142857142857143,1436.0
WA,39,5.857142857142857,1534.0
WA,40,3.4285714285714284,1470.0
WA,5,5.285714285714286,1654.0
WA,41,4.714285714285714,1642.0
WA,42,4.857142857142857,1588.0
WA,43,6.285714285714286,1492.0
WA,44,7.571428571428571,1508.0
WA,45,9.285714285714286,1506.0
WA,46,5.0,1602.0
WA,47,3.4285714285714284,1512.0
WA,48,4.285714285714286,1482.0
WA,49,5.428571428571429,1662.0
WA,50,8.571428571428571,1640.0
WA,6,8.857142857142858,1610.0
WA,51,11.0,1796.0
WA,52,8.0,1886.0
WA,7,2.4285714285714284,1658.0
WA,8,8.285714285714286,1734.0
WA,9,3.2857142857142856,1658.0
WA,10,3.0,1674.0
WI,1,9.857142857142858,1610.0
WI,2,10.142857142857142,1632.0
WI,11,5.142857142857143,1638.0
WI,12,6.142857142857143,1614.0
WI,13,5.142857142857143,1662.0
WI,14,4.571428571428571,1530.0
WI,15,8.0,1614.0
WI,16,8.142857142857142,1518.0
WI,17,6.571428571428571,1450.0
WI,18,5.571428571428571,1438.0
WI,19,6.285714285714286,1442.0
WI,20,6.142857142857143,1520.0
WI,3,10.142857142857142,1564.0
WI,21,9.0,1384.0
WI,22,5.285714285714286,1400.0
WI,23,5.285714285714286,1382.0
WI,24,6.714285714285714,1354.0
WI,25,8.0,1292.0
WI,26,4.285714285714286,1318.0
WI,27,7.571428571428571,1322.0
WI,28,6.428571428571429,1342.0
WI,29,7.0,1414.0
WI,30,6.0,1312.0
WI,4,9.857142857142858,1612.0
WI,31,7.0,1366.0
WI,32,6.571428571428571,1478.0
WI,33,6.0,1396.0
WI,34,5.0,1324.0
WI,35,5.142857142857143,1426.0
WI,36,5.714285714285714,1462.0
WI,37,4.857142857142857,1466.0
WI,38,5.857142857142857,1376.0
WI,39,3.2857142857142856,1404.0
WI,40,6.0,1478.0
WI,5,9.714285714285714,1650.0
WI,41,6.0,1570.0
WI,42,6.142857142857143,1508.0
WI,43,6.0,1542.0
WI,44,7.285714285714286,1474.0
WI,45,7.714285714285714,1636.0
WI,46,9.714285714285714,1574.0
WI,47,5.714285714285714,1464.0
WI,48,5.714285714285714,1360.0
WI,49,7.285714285714286,1562.0
WI,50,9.571428571428571,1592.0
WI,6,4.714285714285714,1562.0
WI,51,10.0,1654.0
WI,52,5.571428571428571,1726.0
WI,7,10.142857142857142,1670.0
WI,8,5.571428571428571,1560.0
WI,9,8.0,1672.0
WI,10,9.0,1616.0
WV,1,6.857142857142857,566.0
WV,2,5.428571428571429,602.0
WV,11,5.0,550.0
WV,12,8.285714285714286,500.0
WV,13,4.857142857142857,626.0
WV,14,4.285714285714286,586.0
WV,15,6.0,632.0
WV,16,8.142857142857142,564.0
WV,17,6.428571428571429,572.0
WV,18,3.7142857142857144,568.0
WV,19,6.142857142857143,580.0
WV,20,4.142857142857143,536.0
WV,3,8.428571428571429,710.0
WV,21,8.857142857142858,572.0
WV,22,9.142857142857142,548.0
WV,23,5.857142857142857,542.0
WV,24,6.571428571428571,566.0
WV,25,7.714285714285714,538.0
WV,26,7.714285714285714,512.0
WV,27,6.428571428571429,556.0
WV,28,7.142857142857143,514.0
WV,29,9.571428571428571,550.0
WV,30,8.142857142857142,538.0
WV,4,7.857142857142857,628.0
WV,31,6.714285714285714,450.0
WV,32,4.714285714285714,494.0
WV,33,4.285714285714286,546.0
WV,34,7.0,482.0
WV,35,7.142857142857143,558.0
WV,36,8.428571428571429,542.0
WV,37,7.0,588.0
WV,38,7.571428571428571,632.0
WV,39,5.0,486.0
WV,40,4.714285714285714,560.0
WV,5,5.857142857142857,562.0
WV,41,5.142857142857143,520.0
WV,42,6.0,518.0
WV,43,6.857142857142857,582.0
WV,44,10.0,614.0
WV,45,7.142857142857143,544.0
WV,46,12.428571428571429,572.0
WV,47,7.857142857142857,582.0
WV,48,7.0,556.0
WV,49,5.428571428571429,632.0
WV,50,6.571428571428571,652.0
WV,6,7.428571428571429,538.0
WV,51,8.571428571428571,508.0
WV,52,4.285714285714286,620.0
WV,7,7.428571428571429,582.0
WV,8,4.428571428571429,680.0
WV,9,6.428571428571429,482.0
WV,10,8.571428571428571,668.0
WY,1,6.428571428571429,32.0
WY,2,2.4285714285714284,60.0
WY,11,1.5714285714285714,58.0
WY,12,2.2857142857142856,74.0
WY,13,1.8571428571428572,52.0
WY,14,2.142857142857143,30.0
WY,15,1.8571428571428572,42.0
WY,16,2.142857142857143,48.0
WY,17,1.1428571428571428,22.0
WY,18,4.714285714285714,40.0
WY,19,2.857142857142857,36.0
WY,20,2.2857142857142856,66.0
WY,3,2.4285714285714284,26.0
WY,21,2.4285714285714284,28.0
WY,22,2.7142857142857144,82.0
WY,23,3.857142857142857,54.0
WY,24,4.142857142857143,72.0
WY,25,4.571428571428571,62.0
WY,26,4.857142857142857,38.0
WY,27,4.142857142857143,58.0
WY,28,3.5714285714285716,60.0
WY,30,6.857142857142857,68.0
WY,4,2.0,68.0
WY,31,7.857142857142857,80.0
WY,32,4.285714285714286,34.0
WY,33,4.714285714285714,56.0
WY,34,6.857142857142857,54.0
WY,35,5.285714285714286,52.0
WY,37,3.2857142857142856,24.0
WY,38,3.142857142857143,28.0
WY,39,2.5714285714285716,40.0
WY,40,2.2857142857142856,42.0
WY,5,2.0,66.0
WY,41,2.7142857142857144,38.0
WY,42,2.2857142857142856,62.0
WY,43,3.7142857142857144,36.0
WY,44,2.7142857142857144,38.0
WY,45,3.4285714285714284,28.0
WY,46,2.4285714285714284,48.0
WY,47,2.7142857142857144,42.0
WY,48,2.2857142857142856,26.0
WY,49,3.7142857142857144,44.0
WY,50,3.4285714285714284,96.0
WY,6,2.5714285714285716,76.0
WY,51,3.7142857142857144,52.0
WY,52,3.142857142857143,64.0
WY,7,1.7142857142857142,56.0
WY,8,1.7142857142857142,48.0
WY,9,2.142857142857143,40.0
WY,10,1.7142857142857142,62.0
